"Rank","Player","Team","Positions","Yahoo","RTS","NFBC","FT","AVG"
"1","Shohei Ohtani","LAD","SP,DH","","1","1","1","1.0"
"2","Shohei Ohtani (Batter)","LAD","DH","1","","","2","1.5"
"3","Bobby Witt Jr.","KC","SS","2","2","2","3","2.3"
"4","Aaron Judge","NYY","LF,CF,RF,DH","3","3","3","4","3.3"
"5","Elly De La Cruz","CIN","SS","4","4","4","6","4.5"
"6","Jose Ramirez","CLE","3B,DH","5","5","5","5","5.0"
"7","Juan Soto","NYM","LF,RF","8","6","7","7","7.0"
"8","Gunnar Henderson","BAL","SS","7","7","6","8","7.0"
"9","Kyle Tucker","CHC","RF","9","8","8","9","8.5"
"10","Mookie Betts","LAD","2B,SS,RF","6","9","11","10","9.0"
"11","Corbin Carroll","ARI","CF,RF","10","10","9","11","10.0"
"12","Francisco Lindor","NYM","SS","11","12","15","13","12.8"
"13","Paul Skenes","PIT","SP","13","11","12","15","12.8"
"14","Fernando Tatis Jr.","SD","RF","14","15","10","14","13.3"
"15","Vladimir Guerrero Jr.","TOR","1B,3B,DH","12","14","14","16","14.0"
"16","Tarik Skubal","DET","SP","16","13","16","12","14.3"
"17","Julio Rodriguez","SEA","CF","17","16","13","17","15.8"
"18","Yordan Alvarez","HOU","LF,DH","15","17","17","18","16.8"
"19","Jackson Chourio","MIL","LF,CF,RF","19","18","18","21","19.0"
"20","Bryce Harper","PHI","1B","20","21","19","20","20.0"
"21","Jarren Duran","BOS","LF,CF","21","19","20","22","20.5"
"22","Zack Wheeler","PHI","SP","24","20","21","19","21.0"
"23","Freddie Freeman","LAD","1B","18","24","24","25","22.8"
"24","Trea Turner","PHI","SS","22","25","25","26","24.5"
"25","Jazz Chisholm Jr.","NYY","3B,CF","27","22","22","31","25.5"
"26","Ketel Marte","ARI","2B,DH","26","23","29","24","25.5"
"27","Ronald Acuna Jr.","ATL","RF","31","31","27","23","28.0"
"28","Matt Olson","ATL","1B","23","27","33","30","28.3"
"29","Jackson Merrill","SD","CF","25","26","26","36","28.3"
"30","Logan Gilbert","SEA","SP","32","28","28","29","29.3"
"31","Austin Riley","ATL","3B","28","30","30","33","30.3"
"32","Rafael Devers","BOS","3B","30","33","32","28","30.8"
"33","William Contreras","MIL","C,DH","42","29","23","35","32.3"
"34","Manny Machado","SD","3B,DH","29","35","34","32","32.5"
"35","Corbin Burnes","ARI","SP","33","34","35","34","34.0"
"36","Garrett Crochet","BOS","SP","36","36","31","40","35.8"
"37","Chris Sale","ATL","SP","37","32","39","38","36.5"
"38","Pete Alonso","NYM","1B","34","38","43","39","38.5"
"39","Corey Seager","TEX","SS","39","41","40","43","40.8"
"40","Cole Ragans","KC","SP","46","39","42","37","41.0"
"41","Dylan Cease","SD","SP","43","43","44","41","42.8"
"42","Kyle Schwarber","PHI","LF,DH","35","46","66","27","43.5"
"43","Oneil Cruz","PIT","SS,CF","54","40","37","53","46.0"
"44","Jose Altuve","HOU","2B","41","47","54","42","46.0"
"45","Emmanuel Clase","CLE","RP","38","44","38","67","46.8"
"46","Blake Snell","LAD","SP","40","49","50","49","47.0"
"47","Wyatt Langford","TEX","LF,CF,DH","55","42","41","51","47.3"
"48","Brent Rooker","ATH","LF,DH","50","37","61","44","48.0"
"49","Michael Harris II","ATL","CF","47","52","36","59","48.5"
"50","Ozzie Albies","ATL","2B","45","51","56","48","50.0"
"51","George Kirby","SEA","SP","61","45","48","47","50.3"
"52","Marcell Ozuna","ATL","LF,DH","49","50","62","45","51.5"
"53","Teoscar Hernandez","LAD","LF,RF","52","48","57","58","53.8"
"54","James Wood","WSH","LF","62","55","49","50","54.0"
"55","Jacob deGrom","TEX","SP","53","61","46","62","55.5"
"56","CJ Abrams","WSH","SS","57","54","45","68","56.0"
"57","Yoshinobu Yamamoto","LAD","SP","51","58","59","61","57.3"
"58","Michael King","SD","SP","60","57","64","57","59.5"
"59","Framber Valdez","HOU","SP","64","59","63","56","60.5"
"60","Devin Williams","NYY","RP","44","56","47","100","61.8"
"61","Adley Rutschman","BAL","C,DH","70","60","58","65","63.3"
"62","Josh Hader","HOU","RP","48","63","51","98","65.0"
"63","Pablo Lopez","MIN","SP","71","72","69","55","66.8"
"64","Shota Imanaga","CHC","SP","73","62","75","60","67.5"
"65","Willy Adames","SF","SS","76","71","76","52","68.8"
"66","Marcus Semien","TEX","2B","67","74","83","54","69.5"
"67","Anthony Santander","TOR","RF,DH","68","65","84","64","70.3"
"68","Brenton Doyle","COL","CF","82","66","70","72","72.5"
"69","Lawrence Butler","ATH","RF","78","69","65","80","73.0"
"70","Josh Naylor","ARI","1B","66","70","91","66","73.3"
"71","Edwin Diaz","NYM","RP","56","68","52","124","75.0"
"72","Mason Miller","ATH","RP","59","67","55","119","75.0"
"73","Ryan Helsley","STL","RP","65","76","60","105","76.5"
"74","Aaron Nola","PHI","SP","72","82","89","63","76.5"
"75","Christian Walker","HOU","1B","69","75","92","70","76.5"
"76","Yainer Diaz","HOU","C,1B,DH","104","64","53","87","77.0"
"77","Bryce Miller","SEA","SP","97","79","81","69","81.5"
"78","Cal Raleigh","SEA","C","108","81","73","77","84.8"
"79","Salvador Perez","KC","C,1B,DH","95","73","68","106","85.5"
"80","Max Fried","NYY","SP","83","77","99","84","85.8"
"81","Raisel Iglesias","ATL","RP","63","80","67","137","86.8"
"82","Seiya Suzuki","CHC","RF,DH","109","86","78","74","86.8"
"83","Jordan Westburg","BAL","2B,3B","81","78","79","110","87.0"
"84","Bryan Reynolds","PIT","LF,CF,RF,DH","91","91","88","78","87.0"
"85","Mark Vientos","NYM","3B","85","84","86","93","87.0"
"86","Bailey Ober","MIN","SP","98","93","85","73","87.3"
"87","Logan Webb","SF","SP","79","97","102","75","88.3"
"88","Luis Robert Jr.","CWS","CF","101","87","77","96","90.3"
"89","Luis Castillo","SEA","SP","92","101","96","76","91.3"
"90","Tyler Glasnow","LAD","SP","80","90","104","91","91.3"
"91","Hunter Greene","CIN","SP","110","89","97","71","91.8"
"92","Cody Bellinger","NYY","1B,CF,RF,DH","75","83","98","112","92.0"
"93","Spencer Schwellenbach","ATL","SP","90","92","94","92","92.0"
"94","Junior Caminero","TB","3B","86","94","80","115","93.8"
"95","Tanner Bibee","CLE","SP","96","100","101","88","96.3"
"96","Mike Trout","LAA","CF","93","88","115","95","97.8"
"97","Matt McLain","CIN","2B,SS","77","102","87","127","98.3"
"98","Willson Contreras","STL","C,DH","118","85","72","120","98.8"
"99","Freddy Peralta","MIL","SP","102","110","106","83","100.3"
"100","Riley Greene","DET","LF,CF,RF,DH","116","99","103","86","101.0"
"101","Felix Bautista","BAL","RP","74","107","74","153","102.0"
"102","Spencer Steer","CIN","1B,LF","119","98","118","79","103.5"
"103","Roki Sasaki","LAD","SP","103","95","95","122","103.8"
"104","Will Smith","LAD","C","124","96","90","108","104.5"
"105","Alex Bregman","BOS","3B","88","105","125","107","106.3"
"106","Hunter Brown","HOU","SP","111","111","109","94","106.3"
"107","Triston Casas","BOS","1B","122","112","112","81","106.8"
"108","Christian Yelich","MIL","LF,DH","121","103","107","97","107.0"
"109","Royce Lewis","MIN","3B,DH","89","126","114","103","108.0"
"110","Grayson Rodriguez","BAL","SP","114","108","116","99","109.3"
"111","Zac Gallen","ARI","SP","107","117","124","90","109.5"
"112","Joe Ryan","MIN","SP","117","115","105","104","110.3"
"113","Vinnie Pasquantino","KC","1B,DH","115","118","108","101","110.5"
"114","Sonny Gray","STL","SP","112","113","117","102","111.0"
"115","Andres Munoz","SEA","RP","84","104","82","181","112.8"
"116","Jake Burger","TEX","1B,3B,DH","106","106","110","136","114.5"
"117","Ian Happ","CHC","LF","132","123","122","82","114.8"
"118","Brice Turang","MIL","2B","126","121","133","85","116.3"
"119","Matt Chapman","SF","3B","133","131","126","89","119.8"
"120","Jhoan Duran","MIN","RP","87","114","93","187","120.3"
"121","Robert Suarez","SD","RP","99","119","100","166","121.0"
"122","Adolis Garcia","TEX","RF,DH","120","109","138","121","122.0"
"123","Randy Arozarena","SEA","LF,CF","127","125","129","109","122.5"
"124","Shane McClanahan","TB","SP","129","127","123","111","122.5"
"125","Bo Bichette","TOR","SS","105","116","127","146","123.5"
"126","Spencer Strider","ATL","SP","123","129","131","116","124.8"
"127","Justin Steele","CHC","SP","125","124","132","123","126.0"
"128","Luis Garcia","WSH","2B","149","128","119","130","131.5"
"129","Dylan Crews","WSH","RF","135","130","128","133","131.5"
"130","Ezequiel Tovar","COL","SS","134","140","121","135","132.5"
"131","Ryan Walker","SF","RP","94","122","111","204","132.8"
"132","Shea Langeliers","ATH","C","159","120","113","147","134.8"
"133","Jack Flaherty","DET","SP","148","138","142","117","136.3"
"134","Carlos Rodon","NYY","SP","154","143","135","114","136.5"
"135","Anthony Volpe","NYY","SS","156","133","139","118","136.5"
"136","Steven Kwan","CLE","LF","138","149","134","125","136.5"
"137","Kodai Senga","NYM","SP","140","134","148","126","137.0"
"138","Bryan Woo","SEA","SP","136","136","140","138","137.5"
"139","Shohei Ohtani (Pitcher)","LAD","SP","142","","","139","140.5"
"140","Jasson Dominguez","NYY","LF,CF","152","139","141","132","141.0"
"141","Xavier Edwards","MIA","SS","113","132","145","175","141.3"
"142","Jared Jones","PIT","SP","146","156","146","129","144.3"
"143","Brandon Nimmo","NYM","LF,CF","164","145","160","113","145.5"
"144","Eugenio Suarez","ARI","3B","143","147","158","134","145.5"
"145","Sandy Alcantara","MIA","SP","153","142","154","143","148.0"
"146","Pete Crow-Armstrong","CHC","CF","144","144","136","172","149.0"
"147","Logan O'Hoppe","LAA","C","169","137","120","174","150.0"
"148","Seth Lugo","KC","SP","165","135","177","128","151.3"
"149","Reynaldo Lopez","ATL","SP","141","162","153","149","151.3"
"150","Nick Castellanos","PHI","RF","151","151","161","142","151.3"
"151","Kevin Gausman","TOR","SP","163","150","162","131","151.5"
"152","Xander Bogaerts","SD","2B,SS","150","174","144","145","153.3"
"153","Alec Bohm","PHI","1B,3B","139","157","164","155","153.8"
"154","J.T. Realmuto","PHI","C","161","141","130","188","155.0"
"155","Colton Cowser","BAL","LF,CF,RF","167","159","150","154","157.5"
"156","Bryson Stott","PHI","2B,SS","173","155","159","144","157.8"
"157","Nico Hoerner","CHC","2B,SS","157","148","189","140","158.5"
"158","Paul Goldschmidt","NYY","1B","160","154","166","160","160.0"
"159","Yusei Kikuchi","LAA","SP","180","168","152","141","160.3"
"160","Josh Lowe","TB","LF,CF,RF","177","153","151","179","165.0"
"161","Tanner Scott","LAD","RP","100","146","157","260","165.8"
"162","Robbie Ray","SF","SP","155","181","155","173","166.0"
"163","Lane Thomas","CLE","CF,RF","175","164","167","158","166.0"
"164","Jurickson Profar","ATL","LF","170","160","188","152","167.5"
"165","Luis Arraez","SD","1B,2B,DH","137","180","170","207","173.5"
"166","Tyler Stephenson","CIN","C","214","152","137","197","175.0"
"167","Andres Gimenez","TOR","2B","202","177","165","159","175.8"
"168","Tyler O'Neill","BAL","LF,RF","190","171","179","163","175.8"
"169","Shane Baz","TB","SP","189","172","187","157","176.3"
"170","Alexis Diaz","CIN","RP","130","166","163","247","176.5"
"171","Cristopher Sanchez","PHI","SP","178","176","182","170","176.5"
"172","Francisco Alvarez","NYM","C","192","165","143","211","177.8"
"173","Brandon Pfaadt","ARI","SP","181","188","183","164","179.0"
"174","Dansby Swanson","CHC","SS","186","191","173","167","179.3"
"175","Ryan Pepiot","TB","SP","198","179","169","171","179.3"
"176","Masyn Winn","STL","SS","185","193","149","193","180.0"
"177","Michael Toglia","COL","1B,RF","208","167","175","176","181.5"
"178","Ceddanne Rafaela","BOS","2B,SS,CF","184","173","171","198","181.5"
"179","Zach Neto","LAA","SS","203","175","185","168","182.8"
"180","Luis Gil","NYY","SP","196","170","220","148","183.5"
"181","Taylor Ward","LAA","LF","226","184","174","150","183.5"
"182","Isaac Paredes","HOU","1B,3B","166","163","198","210","184.3"
"183","Trevor Megill","MIL","RP","131","161","172","282","186.5"
"184","Kerry Carpenter","DET","LF,RF,DH","188","190","186","182","186.5"
"185","Luis Rengifo","LAA","2B,3B","213","169","147","218","186.8"
"186","Sean Manaea","NYM","SP","204","189","199","156","187.0"
"187","Zach Eflin","BAL","SP","179","194","192","184","187.3"
"188","Jeremy Pena","HOU","SS","205","204","156","186","187.8"
"189","Lucas Erceg","KC","RP","171","182","168","236","189.3"
"190","Jackson Holliday","BAL","2B","191","212","210","165","194.5"
"191","Kirby Yates","LAD","RP","172","196","176","234","194.5"
"192","Tommy Edman","LAD","SS,CF","199","208","178","205","197.5"
"193","Max Muncy","LAD","3B","194","205","234","161","198.5"
"194","Nathan Eovaldi","TEX","SP","200","206","203","185","198.5"
"195","Jeff Hoffman","TOR","RP","128","158","194","318","199.5"
"196","Jose Berrios","TOR","SP","209","209","232","151","200.3"
"197","Heliot Ramos","SF","LF,CF,RF","218","201","196","190","201.3"
"198","Taj Bradley","TB","SP","224","227","197","162","202.5"
"199","Nick Pivetta","SD","SP","201","217","201","192","202.8"
"200","Yandy Diaz","TB","1B,DH","182","210","195","226","203.3"
"201","Nolan Arenado","STL","3B","187","226","211","191","203.8"
"202","Pete Fairbanks","TB","RP","147","192","180","300","204.8"
"203","Josh Jung","TEX","3B","217","186","204","214","205.3"
"204","Spencer Arrighetti","HOU","SP","207","215","207","196","206.3"
"205","Ronel Blanco","HOU","SP","216","198","243","169","206.5"
"206","Brandon Lowe","TB","1B,2B,DH","219","187","219","202","206.8"
"207","David Bednar","PIT","RP","162","195","181","290","207.0"
"208","Gleyber Torres","DET","2B","206","235","214","177","208.0"
"209","Cedric Mullins II","BAL","CF","231","197","206","203","209.3"
"210","Alec Burleson","STL","1B,LF,RF,DH","228","185","217","208","209.5"
"211","Tanner Houck","BOS","SP","210","225","222","183","210.0"
"212","Bowden Francis","TOR","SP,RP","215","211","227","195","212.0"
"213","MacKenzie Gore","WSH","SP","242","223","205","180","212.5"
"214","Victor Robles","SEA","LF,CF,RF","229","202","193","228","213.0"
"215","Austin Wells","NYY","C","254","183","190","243","217.5"
"216","Parker Meadows","DET","CF","283","200","191","200","218.5"
"217","Lourdes Gurriel Jr.","ARI","LF","239","216","209","220","221.0"
"218","Brandon Woodruff","MIL","SP","237","220","244","199","225.0"
"219","Maikel Garcia","KC","2B,3B","289","222","202","189","225.5"
"220","Clarke Schmidt","NYY","SP","225","228","238","217","227.0"
"221","Yu Darvish","SD","SP","220","246","226","219","227.8"
"222","Jonathan India","KC","2B","266","234","246","178","231.0"
"223","Jorge Soler","LAA","RF,DH","279","221","212","213","231.3"
"224","Nick Lodolo","CIN","SP","221","231","251","222","231.3"
"225","George Springer","TOR","RF,DH","253","240","239","194","231.5"
"226","Byron Buxton","MIN","CF","258","219","223","237","234.3"
"227","Jordan Romano","PHI","RP","176","178","233","353","235.0"
"228","Walker Buehler","BOS","SP","234","241","256","209","235.0"
"229","Colt Keith","DET","2B","238","251","242","212","235.8"
"230","Kenley Jansen","LAA","RP","158","199","208","379","236.0"
"231","Carlos Correa","MIN","SS","256","230","235","224","236.3"
"232","Zack Gelof","ATH","2B","292","245","213","201","237.8"
"233","Gabriel Moreno","ARI","C","286","214","184","278","240.5"
"234","Ryan Mountcastle","BAL","1B","230","238","229","267","241.0"
"235","Nathaniel Lowe","WSH","1B","249","250","255","216","242.5"
"236","Tyler Fitzgerald","SF","SS,CF","272","207","240","252","242.8"
"237","Connor Wong","BOS","C,1B","290","203","216","265","243.5"
"238","Sean Murphy","ATL","C","271","218","215","272","244.0"
"239","Gavin Williams","CLE","SP","251","254","241","232","244.5"
"240","Matt Shaw","CHC","2B,3B,SS","223","232","247","284","246.5"
"241","Justin Martinez","ARI","RP","174","247","230","341","248.0"
"242","Rhys Hoskins","MIL","1B,DH","246","253","272","221","248.0"
"243","Carlos Estevez","KC","RP","168","233","237","359","249.3"
"244","Willi Castro","MIN","2B,3B,SS,LF,CF","262","260","221","254","249.3"
"245","Drew Rasmussen","TB","SP,RP","195","255","257","296","250.8"
"246","Ben Joyce","LAA","RP","212","242","249","303","251.5"
"247","Jake McCarthy","ARI","LF,CF,RF","281","265","218","244","252.0"
"248","Christian Encarnacion-Strand","CIN","1B","248","271","236","253","252.0"
"249","Jackson Jobe","DET","SP,RP","244","252","269","251","254.0"
"250","Michael Busch","CHC","1B","287","258","248","225","254.5"
"251","Brendan Donovan","STL","2B,3B,LF","316","243","231","230","255.0"
"252","Kyle Finnegan","WSH","RP","193","229","288","324","258.5"
"253","Ranger Suarez","PHI","SP","280","278","263","215","259.0"
"254","Jesus Luzardo","PHI","SP","261","239","276","262","259.5"
"255","Michael Wacha","KC","SP","243","301","270","231","261.3"
"256","Nolan Jones","COL","LF","297","256","250","246","262.3"
"257","TJ Friedl","CIN","LF,CF","319","244","252","248","265.8"
"258","Jung Hoo Lee","SF","CF","291","283","228","268","267.5"
"259","Porter Hodge","CHC","RP","269","268","258","291","271.5"
"260","Ryan McMahon","COL","3B","306","273","274","238","272.8"
"261","Trevor Story","BOS","SS","293","293","253","256","273.8"
"262","Clay Holmes","NYM","RP","235","236","289","336","274.0"
"263","Ryan Jeffers","MIN","C,DH","366","237","224","275","275.5"
"264","Jeffrey Springs","ATH","SP","313","294","259","242","277.0"
"265","Matt Wallner","MIN","LF,RF","267","291","271","285","278.5"
"266","Christopher Morel","TB","2B,3B,LF,CF,RF,DH","307","288","262","258","278.8"
"267","Evan Carter","TEX","LF,RF","346","276","268","229","279.8"
"268","Garrett Mitchell","MIL","CF,RF","333","263","254","269","279.8"
"269","Luke Weaver","NYY","RP","250","277","314","279","280.0"
"270","JJ Bleday","ATH","CF","359","257","266","239","280.3"
"271","Keibert Ruiz","WSH","C","390","259","200","276","281.3"
"272","Roman Anthony","BOS","CF","304","266","280","277","281.8"
"273","Mitch Keller","PIT","SP","317","320","286","206","282.3"
"274","Ryan Pressly","CHC","RP","145","213","321","465","286.0"
"275","Jake Cronenworth","SD","1B,2B","337","313","275","227","288.0"
"276","Connor Norby","MIA","2B,3B","339","287","267","259","288.0"
"277","Ivan Herrera","STL","C","384","224","225","320","288.3"
"278","Liam Hendriks","BOS","RP","211","286","273","384","288.5"
"279","A.J. Puk","ARI","SP,RP","222","298","282","354","289.0"
"280","Giancarlo Stanton","NYY","RF,DH","260","307","330","263","290.0"
"281","Nestor Cortes Jr.","MIL","SP","358","285","279","240","290.5"
"282","Griffin Jax","MIN","RP","268","262","300","338","292.0"
"283","Lars Nootbaar","STL","LF,CF,RF","403","249","261","264","294.3"
"284","Reese Olson","DET","SP","367","290","265","255","294.3"
"285","Joey Bart","PIT","C","315","275","260","334","296.0"
"286","Jason Foley","DET","RP","233","269","313","373","297.0"
"287","Merrill Kelly","ARI","SP","321","335","292","250","299.5"
"288","Kristian Campbell","BOS","2B,SS,CF","275","305","296","322","299.5"
"289","Kumar Rocker","TEX","SP","301","342","290","270","300.8"
"290","Erick Fedde","STL","SP","354","309","306","235","301.0"
"291","Michael Kopech","LAD","RP","332","261","311","306","302.5"
"292","Jonah Heim","TEX","C","278","321","295","326","305.0"
"293","Jordan Walker","STL","LF,RF","369","302","277","274","305.5"
"294","Michael Conforto","LAD","LF,DH","329","284","285","325","305.8"
"295","Tobias Myers","MIL","SP","380","279","305","266","307.5"
"296","Chris Bassitt","TOR","SP","308","337","340","249","308.5"
"297","Ha-Seong Kim","TB","SS","352","280","323","288","310.8"
"298","Aroldis Chapman","BOS","RP","227","308","319","392","311.5"
"299","Brandon Marsh","PHI","LF,CF","252","389","307","308","314.0"
"300","Bubba Chandler","PIT","SP","341","333","299","286","314.8"
"301","Brayan Bello","BOS","SP","356","348","315","241","315.0"
"302","Alejandro Kirk","TOR","C","299","340","264","365","317.0"
"303","Max Scherzer","TOR","SP","263","292","334","380","317.3"
"304","Brady Singer","CIN","SP","355","351","332","233","317.8"
"305","Joey Ortiz","MIL","3B,SS","312","385","287","287","317.8"
"306","Jason Adam","SD","RP","236","289","371","388","321.0"
"307","Luis Severino","ATH","SP","345","398","297","245","321.3"
"308","Tomoyuki Sugano","BAL","SP","360","264","337","340","325.3"
"309","Jose Caballero","TB","2B,3B,SS","318","395","293","297","325.8"
"310","Nolan Gorman","STL","2B","324","304","359","323","327.5"
"311","Orion Kerkering","PHI","RP","247","354","328","387","329.0"
"312","Tyler Soderstrom","ATH","1B","343","360","283","331","329.3"
"313","Nick Martinez","CIN","SP,RP","342","383","324","273","330.5"
"314","Noelvi Marte","CIN","3B","320","357","343","310","332.5"
"315","Kutter Crawford","BOS","SP","393","422","303","223","335.3"
"316","Hyeseong Kim","LAD","2B,SS","305","315","383","345","337.0"
"317","Otto Lopez","MIA","2B,SS","328","391","329","305","338.3"
"318","Wilyer Abreu","BOS","LF,CF,RF","344","449","291","271","338.8"
"319","Jeimer Candelario","CIN","1B,3B,DH","372","378","298","307","338.8"
"320","Jameson Taillon","CHC","SP","353","410","333","261","339.3"
"321","Heston Kjerstad","BAL","LF,RF","259","429","327","349","341.0"
"322","Matt Vierling","DET","3B,LF,CF,RF","323","428","316","301","342.0"
"323","Matthew Boyd","CHC","SP","348","404","309","311","343.0"
"324","Thairo Estrada","COL","2B","335","364","322","351","343.0"
"325","Travis d'Arnaud","LAA","C","277","270","393","435","343.8"
"326","Luke Raley","SEA","1B,LF,CF,RF","399","363","294","319","343.8"
"327","Evan Phillips","LAD","RP","232","297","444","406","344.8"
"328","Calvin Faucher","MIA","RP","257","310","356","456","344.8"
"329","Cody Bradford","TEX","SP","387","381","318","299","346.3"
"330","Grant Holmes","ATL","SP,RP","294","365","331","396","346.5"
"331","Luisangel Acuna","NYM","SS","274","319","391","410","348.5"
"332","Ke'Bryan Hayes","PIT","3B","364","318","355","357","348.5"
"333","Andrew Vaughn","CWS","1B,DH","400","435","278","283","349.0"
"334","DJ Herz","WSH","SP","389","396","317","295","349.3"
"335","Bryan De La Cruz","ATL","LF,RF,DH","264","346","423","367","350.0"
"336","David Festa","MIN","SP","381","408","304","309","350.5"
"337","Nolan Schanuel","LAA","1B","378","440","308","280","351.5"
"338","Jacob Young","WSH","CF","392","387","301","333","353.3"
"339","Jonathan Aranda","TB","1B,2B","377","355","320","361","353.3"
"340","David Peterson","NYM","SP","391","371","349","304","353.8"
"341","Joc Pederson","TEX","LF,DH","370","423","325","298","354.0"
"342","Edwin Uceta","TB","RP","302","392","335","391","355.0"
"343","Andrew Painter","PHI","SP","375","406","350","292","355.8"
"344","Carlos Santana","CLE","1B","322","431","353","327","358.3"
"345","Kyle Harrison","SF","SP","376","402","363","294","358.8"
"346","Justin Verlander","SF","SP","327","336","380","409","363.0"
"347","Jordan Lawlar","ARI","3B,SS","325","412","348","372","364.3"
"348","Rhett Lowder","CIN","SP","265","454","446","313","369.5"
"349","Camilo Doval","SF","RP","365","312","381","421","369.8"
"350","Lucas Giolito","BOS","SP","385","390","374","332","370.3"
"351","Coby Mayo","BAL","3B","330","441","376","342","372.3"
"352","Jose Soriano","LAA","SP","383","419","338","350","372.5"
"353","Charlie Morton","BAL","SP","326","405","420","346","374.3"
"354","Chris Martin","TEX","RP","183","345","370","612","377.5"
"355","Chad Green","TOR","RP","363","334","413","401","377.8"
"356","Josh Bell","WSH","1B,DH","373","427","344","368","378.0"
"357","Dylan Moore","SEA","1B,2B,3B,SS,LF","362","434","342","375","378.3"
"358","Deyvison De Los Santos","MIA","1B,3B","270","369","418","462","379.8"
"359","Ryan Weathers","MIA","SP","405","418","351","363","384.3"
"360","Kyle Manzardo","CLE","1B,DH","382","426","369","364","385.3"
"361","Shane Bieber","CLE","SP","368","343","436","404","387.8"
"362","Caleb Durbin","MIL","2B,3B,SS","331","409","405","408","388.3"
"363","Jhonkensy Noel","CLE","RF","402","384","368","402","389.0"
"364","Dustin May","LAD","SP","357","432","407","390","396.5"
"365","Masataka Yoshida","BOS","LF,DH","386","407","430","370","398.3"
"366","Blake Treinen","LAD","RP","334","446","400","424","401.0"
"367","Seth Halvorsen","COL","RP","338","370","403","517","407.0"
"368","Tony Gonsolin","LAD","SP","397","443","412","414","416.5"
"369","Jorge Lopez","WSH","RP","285","299","432","682","424.5"
"370","Jeremiah Estrada","SD","RP","361","413","450","484","427.0"
"371","Max Meyer","MIA","SP","396","400","431","490","429.3"
"372","Jesus Sanchez","MIA","LF,CF,RF","","274","245","257","258.7"
"373","Justin Slaten","BOS","RP","371","453","433","503","440.0"
"374","David Robertson","","RP","374","353","468","593","447.0"
"375","Bryan Abreu","HOU","RP","314","295","818","423","462.5"
"376","Eury Perez","MIA","SP","395","359","709","426","472.3"
"377","Tyler Holton","DET","SP,RP","240","450","833","443","491.5"
"378","Spencer Torkelson","DET","1B","","317","386","281","328.0"
"379","Jo Adell","LAA","RF","","401","281","312","331.3"
"380","Josh Smith","TEX","3B,SS,OF","284","","367","344","331.7"
"381","Cade Smith","CLE","RP","309","306","387","","334.0"
"382","Bo Naylor","CLE","C","","374","284","348","335.3"
"383","Bobby Miller","LAD","SP","","358","364","302","341.3"
"384","Jeff McNeil","NYM","2B,LF,RF","282","","399","362","347.7"
"385","David Hamilton","BOS","2B,SS","276","","377","394","349.0"
"386","Aaron Civale","MIL","SP","","380","384","289","351.0"
"387","Zack Littell","TB","SP","","329","395","329","351.0"
"388","Eduardo Rodriguez","ARI","SP","","332","392","330","351.3"
"389","Reid Detmers","LAA","SP","","349","372","337","352.7"
"390","Patrick Bailey","SF","C","","393","302","366","353.7"
"391","Jordan Montgomery","ARI","SP","","303","415","355","357.7"
"392","Daulton Varsho","TOR","LF,CF","","424","339","315","359.3"
"393","Danny Jansen","TB","C","","350","312","420","360.7"
"394","Jacob Wilson","ATH","SS","","325","345","412","360.7"
"395","Gavin Lux","CIN","2B","","430","347","314","363.7"
"396","Frankie Montas","NYM","SP","","415","361","316","364.0"
"397","Spencer Horwitz","PIT","1B,2B","","445","326","321","364.0"
"398","Luis Campusano","SD","C","","272","382","446","366.7"
"399","Trevor Larnach","MIN","LF,RF,DH","","421","336","360","372.3"
"400","Matt Strahm","PHI","RP","288","425","954","444","527.8"
"401","Freddy Fermin","KC","C,DH","","331","360","437","376.0"
"402","Clayton Kershaw","LAD","SP","340","311","1058","482","547.8"
"403","Dalton Rushing","LAD","C,LF","","338","402","397","379.0"
"404","Isiah Kiner-Falefa","PIT","2B,3B,SS","388","","352","399","379.7"
"405","Edward Cabrera","MIA","SP","","417","390","335","380.7"
"406","Starling Marte","NYM","RF","","379","388","378","381.7"
"407","Chase DeLauter","CLE","CF,RF","","324","409","425","386.0"
"408","Zebby Matthews","MIN","SP","298","","424","438","386.7"
"409","MJ Melendez","KC","LF","","316","404","441","387.0"
"410","Luis L. Ortiz","CLE","SP,RP","350","452","379","","393.7"
"411","Miguel Amaya","CHC","C","","403","358","445","402.0"
"412","Jake Fraley","CIN","LF,RF","","397","396","413","402.0"
"413","Quinn Mathews","STL","SP","","326","411","472","403.0"
"414","Jose Alvarado","PHI","RP","245","330","1258","636","617.3"
"415","Brooks Lee","MIN","2B,3B,SS","401","","398","418","405.7"
"416","Kris Bubic","KC","RP","","437","362","432","410.3"
"417","Chas McCormick","HOU","LF,CF,RF","","339","426","478","414.3"
"418","Mitch Garver","SEA","C,DH","","341","452","459","417.3"
"419","Geraldo Perdomo","ARI","SS","351","","440","470","420.3"
"420","Jorge Polanco","SEA","2B","","456","425","381","420.7"
"421","Max Kepler","PHI","RF","","416","389","460","421.7"
"422","Jesse Winker","NYM","LF,RF,DH","","457","406","403","422.0"
"423","Victor Scott","STL","CF","","394","408","483","428.3"
"424","Tylor Megill","NYM","SP","","436","438","428","434.0"
"425","Michael Soroka","WSH","SP,RP","404","347","1048","555","588.5"
"426","Jose Siri","NYM","CF","","439","455","429","441.0"
"427","Joel Payamps","MIL","RP","379","377","1035","596","596.8"
"428","Jesus Tinoco","MIA","RP","349","","448","556","451.0"
"429","Yimi Garcia","TOR","RP","310","442","968","626","586.5"
"430","Jordan Beck","COL","LF,RF","","414","449","525","462.7"
"431","Will Warren","NYY","SP","347","361","1097","700","626.3"
"432","Andrew Abbott","CIN","SP","","356","853","339","516.0"
"433","Austin Hays","CIN","LF","","376","670","546","530.7"
"434","Jon Gray","TEX","SP","303","","889","417","536.3"
"435","Jarred Kelenic","ATL","LF,CF,RF","","372","796","454","540.7"
"436","Ryne Nelson","ARI","SP","","","357","293","325.0"
"437","Hunter Goodman","COL","C,LF,RF","","","310","393","351.5"
"438","Michael McGreevy","STL","SP","","373","840","473","562.0"
"439","Ryan O'Hearn","BAL","1B,LF,RF,DH","","","341","369","355.0"
"440","Andy Pages","LAD","CF,RF","","","366","356","361.0"
"441","Jose Miranda","MIN","1B,3B,DH","","","354","374","364.0"
"442","Michael Massey","KC","2B","","","365","371","368.0"
"443","Nick Gonzales","PIT","2B,SS","","","397","343","370.0"
"444","Dean Kremer","BAL","SP","","","414","328","371.0"
"445","Jake Irvin","WSH","SP","","","427","317","372.0"
"446","Andrew Benintendi","CWS","LF","","","375","376","375.5"
"447","Hayden Birdsong","SF","SP","","","401","352","376.5"
"448","Jordan Hicks","SF","SP,RP","","411","874","457","580.7"
"449","Jonny DeLuca","TB","LF,CF,RF","","","346","419","382.5"
"450","Sal Frelick","MIL","LF,CF,RF","","","394","382","388.0"
"451","Casey Mize","DET","SP","","447","829","485","587.0"
"452","Ernie Clement","TOR","3B,SS","","","385","411","398.0"
"453","Sean Burke","CWS","SP","","","410","386","398.0"
"454","Henry Davis","PIT","C","","300","1009","498","602.3"
"455","Beau Brieske","DET","SP,RP","241","","941","609","597.0"
"456","Pavin Smith","ARI","1B,LF,RF","","","378","433","405.5"
"457","Edouard Julien","MIN","2B","","362","1153","455","656.7"
"458","Marcus Stroman","NYY","SP","","352","1241","469","687.3"
"459","Luis Garcia","HOU","SP","","","442","383","412.5"
"460","Ben Brown","CHC","SP,RP","","","419","407","413.0"
"461","Paul Sewald","CLE","RP","","281","1023","547","617.0"
"462","Justin Turner","CHC","1B,DH","","328","1069","501","632.7"
"463","Esteury Ruiz","ATH","LF,CF","","327","1026","506","619.7"
"464","J.P. Crawford","SEA","SS","","","417","416","416.5"
"465","James Outman","LAD","CF","","248","1164","590","667.3"
"466","Tyler Mahle","TEX","SP","","","434","405","419.5"
"467","Kyle Higashioka","TEX","C","","","373","467","420.0"
"468","Enrique Hernandez","LAD","1B,2B,3B,SS,LF,CF","197","","1250","644","697.0"
"469","Triston McKenzie","CLE","SP","","323","1107","519","649.7"
"470","Mauricio Dubon","HOU","1B,2B,3B,LF,CF,RF","300","","947","585","610.7"
"471","Endy Rodriguez","PIT","C","","","416","434","425.0"
"472","J.D. Martinez","","DH","","399","1256","458","704.3"
"473","Jonah Bride","MIA","1B,3B","","","429","436","432.5"
"474","Leody Taveras","TEX","CF","","","435","430","432.5"
"475","Alex Vesia","LAD","RP","336","","1216","532","694.7"
"476","Jose Tena","WSH","2B,3B","","","421","450","435.5"
"477","Orlando Arcia","ATL","SS","","","428","448","438.0"
"478","Edmundo Sosa","PHI","2B,3B,SS","255","","1122","627","668.0"
"479","Amed Rosario","WSH","2B,3B,SS,RF,DH","295","","1143","588","675.3"
"480","Joey Cantillo","CLE","SP","","","443","440","441.5"
"481","Adbert Alzolay","NYM","RP","","314","574","","444.0"
"482","Eloy Jimenez","TB","RF,DH","","386","1238","505","709.7"
"483","David Fry","CLE","C,1B,LF,RF,DH","","","454","439","446.5"
"484","Miguel Vargas","CWS","3B,LF","","","422","480","451.0"
"485","Will Benson","CIN","LF,CF,RF","","368","1191","538","699.0"
"486","Mike Yastrzemski","SF","CF,RF","","","437","474","455.5"
"487","Brayan Rocchio","CLE","SS","","","441","471","456.0"
"488","Yennier Cano","BAL","RP","311","","1193","604","702.7"
"489","LaMonte Wade Jr.","SF","1B,RF","","","445","476","460.5"
"490","Craig Kimbrel","","RP","","267","1167","656","696.7"
"491","Adrian Del Castillo","ARI","C","","","447","481","464.0"
"492","Drake Baldwin","ATL","C","","344","978","591","637.7"
"493","Samuel Basallo","BAL","C,1B","","367","1205","564","712.0"
"494","Oswaldo Cabrera","NYY","1B,2B,3B","","382","1224","551","719.0"
"495","Kris Bryant","COL","1B,RF","","420","1085","522","675.7"
"496","Elias Diaz","SD","C","","296","1073","647","672.0"
"497","Landen Roupp","SF","SP,RP","394","","1096","549","679.7"
"498","Seth Brown","ATH","1B,LF,RF","","","456","489","472.5"
"499","Agustin Ramirez","MIA","C,1B","","","439","507","473.0"
"500","Robert Garcia","TEX","RP","296","","1018","654","656.0"
"501","Lenyn Sosa","CWS","2B,3B","","","453","516","484.5"
"502","Tommy Pham","PIT","LF,CF,RF","","438","981","553","657.3"
"503","Hayden Wesneski","HOU","SP,RP","","","451","542","496.5"
"504","Chandler Simpson","TB","LF,CF","","366","952","667","661.7"
"505","Brandon Drury","CWS","1B,2B,3B","","388","1182","621","730.3"
"506","Hunter Gaddis","CLE","RP","","433","1219","587","746.3"
"507","JP Sears","ATH","SP","","","686","358","522.0"
"508","Jose Leclerc","ATH","RP","","322","1237","723","760.7"
"509","Andrew Kittredge","BAL","RP","","375","1171","689","745.0"
"510","Cristian Javier","HOU","SP","","282","1017","789","696.0"
"511","Gavin Stone","LAD","SP","","","466","606","536.0"
"512","Mason Montgomery","TB","RP","","451","1210","652","771.0"
"513","JoJo Romero","STL","RP","","444","904","752","700.0"
"514","Cam Smith","HOU","3B","398","","921","783","700.7"
"515","Tommy Kahnle","DET","RP","273","","1031","858","720.7"
"516","Jerar Encarnacion","SF","RF","","448","998","697","714.3"
"517","A.J. Minter","NYM","RP","","455","1176","727","786.0"
"518","Andrew Heaney","PIT","SP","","","786","400","593.0"
"519","Jake Meyers","HOU","CF","","","754","479","616.5"
"520","Osvaldo Bido","ATH","SP,RP","","","848","466","657.0"
"521","Tyler Anderson","LAA","SP","","","949","385","667.0"
"522","Keegan Thompson","CHC","RP","","","524","816","670.0"
"523","Mitchell Parker","WSH","SP","","","944","398","671.0"
"524","John Schreiber","KC","RP","","","463","891","677.0"
"525","Austin Gomber","COL","SP","","","860","499","679.5"
"526","Brendan Rodgers","HOU","2B","","","1041","377","709.0"
"527","Aaron Ashby","MIL","RP","","","856","504","680.0"
"528","Andre Pallante","STL","SP,RP","","","966","395","680.5"
"529","Cade Povich","BAL","SP","","","911","452","681.5"
"530","Patrick Corbin","","SP","","","708","658","683.0"
"531","Edgar Quero","CWS","C","","","857","513","685.0"
"532","Nick Yorke","PIT","2B","","","932","442","687.0"
"533","Alex Verdugo","","LF,RF","","","945","431","688.0"
"534","Tayler Scott","HOU","RP","","","569","810","689.5"
"535","Jace Jung","DET","3B","","","894","486","690.0"
"536","Jake Rogers","DET","C","","","906","491","698.5"
"537","Jose Quintana","MIL","SP","","","994","415","704.5"
"538","Ben Lively","CLE","SP","","","1049","422","735.5"
"539","Vaughn Grissom","BOS","2B","","","991","427","709.0"
"540","AJ Smith-Shawver","ATL","SP","","","964","447","705.5"
"541","Mike Tauchman","CWS","LF,CF,RF,DH","","","887","529","708.0"
"542","Trey Sweeney","DET","SS","","","943","475","709.0"
"543","Colby Thomas","ATH","LF,RF","","","927","494","710.5"
"544","Jesus Made","MIL","3B,SS","","","470","957","713.5"
"545","Kyle Freeland","COL","SP","","","865","566","715.5"
"546","Miles Mikolas","STL","SP","","","1204","449","826.5"
"547","Alec Marsh","KC","SP","","","1084","453","768.5"
"548","Alex Cobb","DET","SP","","","974","463","718.5"
"549","Richie Palacios","TB","2B,LF,CF,RF","","","989","461","725.0"
"550","Jordyn Adams","BAL","CF,RF","","","479","965","722.0"
"551","Paul DeJong","WSH","3B,SS","","","922","524","723.0"
"552","Javier Assad","CHC","SP","","","1225","464","844.5"
"553","Kyle Gibson","","SP","","","1247","468","857.5"
"554","Christian Scott","NYM","SP","","","490","966","728.0"
"555","Eli Morgan","CHC","RP","","","591","866","728.5"
"556","Lance Lynn","","SP","","","1218","477","847.5"
"557","Gavin Cross","KC","RF","","","571","892","731.5"
"558","Chris Flexen","CHC","SP,RP","","","678","791","734.5"
"559","Yariel Rodriguez","TOR","SP","","","1000","487","743.5"
"560","Landon Knack","LAD","SP","","","1104","488","796.0"
"561","Juan Yepez","WSH","1B","","","1101","492","796.5"
"562","Andrew McCutchen","PIT","RF,DH","","","1170","493","831.5"
"563","Griffin Canning","NYM","SP","","","1175","495","835.0"
"564","Christian Moore","LAA","2B","","","967","511","739.0"
"565","Simeon Woods Richardson","MIN","SP","","","1059","496","777.5"
"566","Harrison Bader","MIN","CF","","","986","497","741.5"
"567","Tyler Gilbert","CWS","RP","","","538","943","740.5"
"568","Ryan Feltner","COL","SP","","","1235","500","867.5"
"569","Noah Schultz","CWS","SP","","","1020","502","761.0"
"570","Will Wagner","TOR","2B","","","1016","508","762.0"
"571","Troy Taylor","SEA","RP","","","660","831","745.5"
"572","Kyle Stowers","MIA","LF,CF,RF","","","1030","509","769.5"
"573","Michael Lorenzen","KC","SP,RP","","","1172","510","841.0"
"574","Eli White","ATL","LF,CF,RF","","","510","985","747.5"
"575","Wenceel Perez","DET","CF,RF","","","1064","512","788.0"
"576","Ronny Mauricio","NYM","2B","","","1014","515","764.5"
"577","Dustin Harris","TEX","3B,LF,CF,DH","","","805","695","750.0"
"578","Jacob Misiorowski","MIL","SP,RP","","","1114","518","816.0"
"579","Joey Meneses","NYM","1B,DH","","","665","836","750.5"
"580","Mark Leiter Jr.","NYY","RP","","","747","754","750.5"
"581","Matt Waldron","SD","SP","","","1222","520","871.0"
"582","Kevin Pillar","TEX","LF,CF,RF","","","520","984","752.0"
"583","Kyle Teel","CWS","C","","","1081","521","801.0"
"584","Joe Jimenez","ATL","RP","","","780","725","752.5"
"585","Shinnosuke Ogasawara","WSH","SP","","","1110","523","816.5"
"586","Joey Loperfido","TOR","LF,CF,RF","","","1090","526","808.0"
"587","Jared Triolo","PIT","2B,3B,SS","","","1213","527","870.0"
"588","Blake Perkins","MIL","LF,CF,RF","","","1062","528","795.0"
"589","Tyler Black","MIL","1B,DH","","","1078","530","804.0"
"590","Trevor Williams","WSH","SP","","","1060","531","795.5"
"591","Josh Sborz","TEX","RP","","","736","778","757.0"
"592","Hunter Renfroe","KC","RF","","","1111","533","822.0"
"593","Colin Rea","CHC","SP,RP","","","1221","534","877.5"
"594","Ben Rice","NYY","1B","","","1042","535","788.5"
"595","Jack Leiter","TEX","SP,RP","","","1074","536","805.0"
"596","Josh Rojas","CWS","2B,3B","","","1082","537","809.5"
"597","Tyler Rogers","SF","RP","","","813","707","760.0"
"598","Alek Thomas","ARI","CF","","","1045","539","792.0"
"599","DL Hall","MIL","SP,RP","","","1141","540","840.5"
"600","Jonathan Cannon","CWS","SP","","","1186","541","863.5"
"601","Korey Lee","CWS","C","","","1135","543","839.0"
"602","Jacob Stallings","COL","C","","","946","580","763.0"
"603","Thomas Saggese","STL","2B","","","1215","544","879.5"
"604","Nick Kurtz","ATH","1B","","","1022","545","783.5"
"605","Johan Rojas","PHI","CF","","","1088","548","818.0"
"606","Deivi Garcia","MIL","RP","","","622","909","765.5"
"607","Emmanuel Rodriguez","MIN","CF","","","1083","550","816.5"
"608","JJ Wetherholt","STL","SS","","","819","714","766.5"
"609","Matt Thaiss","CWS","C","","","648","886","767.0"
"610","Brett Baty","NYM","3B","","","1072","552","812.0"
"611","Zach Agnos","COL","RP","","","566","970","768.0"
"612","Chris Paddack","MIN","SP","","","1190","554","872.0"
"613","John Means","CLE","SP","","","581","956","768.5"
"614","Brandon Sproat","NYM","SP","","","1093","557","825.0"
"615","Mickey Moniak","LAA","CF,RF","","","1207","558","882.5"
"616","Trey Lipscomb","WSH","3B","","","821","720","770.5"
"617","Mitch Spence","ATH","SP,RP","","","1228","559","893.5"
"618","Yoan Moncada","LAA","3B","","","1012","560","786.0"
"619","Jose Butto","NYM","SP,RP","","","1234","561","897.5"
"620","Drew Thorpe","CWS","SP","","","1126","562","844.0"
"621","Brant Hurter","DET","RP","","","1057","563","810.0"
"622","Ty France","MIN","1B","","","1039","565","802.0"
"623","Adael Amador","COL","2B","","","1166","567","866.5"
"624","Abraham Toro","BOS","2B,3B","","","628","922","775.0"
"625","Anthony Rizzo","","1B","","","1139","568","853.5"
"626","Cavan Biggio","KC","1B,2B,3B,RF","","","568","990","779.0"
"627","Trevor Rogers","BAL","SP","","","1127","569","848.0"
"628","Victor Caratini","HOU","C,1B","","","1080","570","825.0"
"629","Cal Quantrill","MIA","SP","","","975","578","776.5"
"630","Kyle Isbel","KC","CF","","","1053","571","812.0"
"631","Orelvis Martinez","TOR","2B,3B","","","1140","572","856.0"
"632","Cade Cavalli","WSH","SP","","","1231","573","902.0"
"633","Valente Bellozo","MIA","SP","","","807","749","778.0"
"634","Garrett Whitlock","BOS","SP","","","1226","574","900.0"
"635","Leo Jimenez","TOR","2B,SS","","","722","835","778.5"
"636","Owen Caissie","CHC","LF,CF,RF","","","1103","575","839.0"
"637","Ramon Laureano","BAL","LF,CF,RF","","","1148","576","862.0"
"638","German Marquez","COL","SP","","","1185","577","881.0"
"639","Marcelo Mayer","BOS","SS","","","1211","579","895.0"
"640","Max Schuemann","ATH","2B,3B,SS,OF","","","1130","581","855.5"
"641","Colson Montgomery","CWS","SS","","","1015","582","798.5"
"642","Gio Urshela","ATH","1B,3B","","","1011","583","797.0"
"643","Zach Dezenzo","HOU","1B","","","1065","584","824.5"
"644","Jhony Brito","SD","RP","","","687","880","783.5"
"645","Manuel Margot","MIL","LF,CF,RF","","","702","865","783.5"
"646","Tristan Beck","SF","SP,RP","","","746","821","783.5"
"647","Casey Schmitt","SF","2B,3B,SS","","","876","692","784.0"
"648","Bailey Falter","PIT","SP","","","1173","586","879.5"
"649","Caden Dana","LAA","SP","","","1177","589","883.0"
"650","Carson Williams","TB","SS","","","1133","592","862.5"
"651","Bryce Elder","ATL","SP","","","837","739","788.0"
"652","Seranthony Dominguez","BAL","RP","","","1252","594","923.0"
"653","Brady House","WSH","3B","","","1089","595","842.0"
"654","Bryce Eldridge","SF","1B","","","1154","597","875.5"
"655","Lance McCullers Jr.","HOU","SP","","","1257","598","927.5"
"656","Kyle Wright","KC","SP","","","1183","599","891.0"
"657","Thomas Harrington","PIT","SP","","","1199","600","899.5"
"658","Kevin Kelly","TB","RP","","","790","793","791.5"
"659","Jonatan Clase","TOR","LF,CF","","","1129","601","865.0"
"660","Michael Siani","STL","CF","","","1212","602","907.0"
"661","Gary Sanchez","BAL","C,DH","","","1077","603","840.0"
"662","Kyren Paris","LAA","2B","","","614","972","793.0"
"663","Jorge Mateo","BAL","2B","","","1124","605","864.5"
"664","Billy Cook","PIT","1B,CF,RF","","","1155","607","881.0"
"665","Joey Estes","ATH","SP","","","1070","608","839.0"
"666","Austin Barnes","LAD","C","","","824","768","796.0"
"667","Addison Barger","TOR","3B,LF,RF","","","1181","610","895.5"
"668","Bryan Ramos","CWS","3B","","","1125","611","868.0"
"669","Adam Duvall","","LF,CF,RF","","","676","918","797.0"
"670","Ian Anderson","ATL","SP","","","1220","613","916.5"
"671","Spencer Turnbull","","SP,RP","","","1194","614","904.0"
"672","Michael Grove","LAD","RP","","","784","813","798.5"
"673","Chase Dollander","COL","SP","","","1253","615","934.0"
"674","Adrian Morejon","SD","RP","","","1149","616","882.5"
"675","Taijuan Walker","PHI","SP","","","756","843","799.5"
"676","Pedro Pages","STL","C","","","1162","617","889.5"
"677","Walker Jenkins","MIN","CF","","","883","717","800.0"
"678","Juan Brito","CLE","1B,2B,3B,SS,RF","","","1115","618","866.5"
"679","Martin Perez","CWS","SP","","","1145","619","882.0"
"680","Hans Crouse","LAA","RP","","","619","993","806.0"
"681","Shay Whitcomb","HOU","3B","","","1144","620","882.0"
"682","Aaron Schunk","COL","2B,3B","","","814","790","802.0"
"683","Brusdar Graterol","LAD","RP","","","803","801","802.0"
"684","Santiago Espinal","CIN","2B,3B","","","1192","622","907.0"
"685","Curtis Mead","TB","2B,3B","","","1046","623","834.5"
"686","Tyler Phillips","PHI","SP","","","623","987","805.0"
"687","Davis Schneider","TOR","2B,LF","","","1209","624","916.5"
"688","Alek Manoah","TOR","SP","","","797","811","804.0"
"689","Keider Montero","DET","SP","","","1095","628","861.5"
"690","Kyle Bradish","BAL","SP","","","1261","629","945.0"
"691","Joe Musgrove","SD","SP","","","659","953","806.0"
"692","Austin Martin","MIN","2B,LF,CF","","","850","762","806.0"
"693","Logan Allen","CLE","SP","","","849","763","806.0"
"694","Kyle Farmer","COL","2B,3B,SS","","","1174","630","902.0"
"695","Kevin Ginkel","ARI","RP","","","1246","631","938.5"
"696","Moises Ballesteros","CHC","C","","","1131","632","881.5"
"697","Travis Bazzana","CLE","2B","","","1189","633","911.0"
"698","Sam Hilliard","COL","LF,CF,RF","","","1168","634","901.0"
"699","Carson Kelly","CHC","C","","","1066","635","850.5"
"700","Romy Gonzalez","BOS","1B,2B,3B,SS","","","1187","637","912.0"
"701","Cade Horton","CHC","SP","","","1240","638","939.0"
"702","Jose Iglesias","SD","2B,3B","","","1099","639","869.0"
"703","DJ LeMahieu","NYY","1B,3B","","","1184","640","912.0"
"704","Drew Romo","COL","C","","","1137","641","889.0"
"705","Cole Sands","MIN","RP","","","1233","642","937.5"
"706","Nate Pearson","CHC","RP","","","1188","643","915.5"
"707","Ryan Yarbrough","TOR","SP,RP","","","773","855","814.0"
"708","Jakob Junis","CLE","SP,RP","","","1244","646","945.0"
"709","Tim Herrin","CLE","RP","","","714","916","815.0"
"710","Dane Dunning","TEX","SP,RP","","","890","740","815.0"
"711","Gavin Sheets","SD","1B,RF,DH","","","1054","648","851.0"
"712","Hunter Harvey","KC","RP","","","1136","649","892.5"
"713","Andrew Walters","CLE","RP","","","760","872","816.0"
"714","Matt Brash","SEA","RP","","","1243","650","946.5"
"715","Edgardo Henriquez","LAD","RP","","","826","807","816.5"
"716","Prelander Berroa","CWS","RP","","","1108","651","879.5"
"717","Garrett Cleavinger","TB","RP","","","933","702","817.5"
"718","Bryse Wilson","CWS","SP,RP","","","858","777","817.5"
"719","Joe Boyle","TB","SP","","","1259","653","956.0"
"720","Darell Hernaiz","ATH","3B,SS","","","905","732","818.5"
"721","Justyn-Henry Malloy","DET","LF,DH","","","1147","655","901.0"
"722","Niko Kavadas","LAA","1B,DH","","","680","959","819.5"
"723","Emerson Hancock","SEA","SP","","","1094","657","875.5"
"724","Yoniel Curet","TB","SP","","","832","808","820.0"
"725","Jhostynxon Garcia","BOS","CF,RF","","","658","997","827.5"
"726","Jacob Melton","HOU","CF,RF","","","1161","659","910.0"
"727","Zach McKinstry","DET","2B,3B,SS,LF,RF","","","1255","660","957.5"
"728","Reed Garrett","NYM","RP","","","908","735","821.5"
"729","Nicky Lopez","CHC","2B,3B,SS","","","761","882","821.5"
"730","Mark Canha","MIL","1B,LF,RF,DH","","","1251","661","956.0"
"731","Steward Berroa","TOR","CF,RF","","","668","976","822.0"
"732","Wade Meckler","SF","CF","","","734","910","822.0"
"733","Matt Manning","DET","SP","","","992","662","827.0"
"734","Ezequiel Duran","TEX","1B,3B,SS,LF","","","1200","663","931.5"
"735","Miguel Rojas","LAD","2B,3B,SS","","","1051","664","857.5"
"736","Mitch Haniger","SEA","RF,DH","","","1245","665","955.0"
"737","Marco Luciano","SF","2B,SS","","","1027","666","846.5"
"738","Jake Cousins","NYY","RP","","","779","870","824.5"
"739","Paul Blackburn","NYM","SP","","","1248","668","958.0"
"740","Randal Grichuk","ARI","LF,RF,DH","","","1158","669","913.5"
"741","Anthony Rendon","LAA","3B","","","976","676","826.0"
"742","Tyrone Taylor","NYM","LF,CF,RF","","","1196","670","933.0"
"743","Kyle Hendricks","LAA","SP,RP","","","1024","671","847.5"
"744","Griffin Conine","MIA","LF,RF","","","1179","672","925.5"
"745","Ryan Noda","LAA","1B","","","816","839","827.5"
"746","Davis Martin","CWS","SP","","","1206","673","939.5"
"747","Caleb Kilian","CHC","SP,RP","","","898","758","828.0"
"748","Alex Call","WSH","LF,CF,RF","","","999","674","836.5"
"749","JT Brubaker","NYY","SP,RP","","","783","874","828.5"
"750","Richard Fitts","BOS","SP","","","1208","675","941.5"
"751","Austin Shenton","SEA","1B","","","738","920","829.0"
"752","Jack Kochanowicz","LAA","SP","","","1008","677","842.5"
"753","Tyler Locklear","SEA","1B","","","1086","678","882.0"
"754","Steven Matz","STL","SP,RP","","","1229","679","954.0"
"755","Bobby Dalbec","CWS","1B,3B","","","693","969","831.0"
"756","Jon Singleton","HOU","1B","","","957","705","831.0"
"757","Nacho Alvarez Jr.","ATL","2B","","","918","744","831.0"
"758","Zac Veen","COL","LF,RF","","","1230","680","955.0"
"759","Daniel Hudson","","RP","","","866","797","831.5"
"760","Rece Hinds","CIN","RF","","","995","681","838.0"
"761","Wander Franco","TB","SS","","","729","936","832.5"
"762","Cooper Bowman","CIN","2B,CF","","","776","889","832.5"
"763","Ramon Urias","BAL","3B","","","1160","683","921.5"
"764","Rob Refsnyder","BOS","LF,CF,RF","","","980","686","833.0"
"765","Dairon Blanco","KC","LF,CF,RF","","","1201","684","942.5"
"766","Nasim Nunez","WSH","SS","","","743","924","833.5"
"767","Brett Wisely","SF","2B,SS","","","852","817","834.5"
"768","Scott Kingery","LAA","2B,SS","","","1105","687","896.0"
"769","Nick Fortes","MIA","C","","","1232","688","960.0"
"770","Justin Wrobleski","LAD","SP,RP","","","916","755","835.5"
"771","Ryan Bliss","SEA","2B","","","1138","690","914.0"
"772","Tyson Miller","CHC","RP","","","878","795","836.5"
"773","Abner Uribe","MIL","RP","","","1242","691","966.5"
"774","Spencer Jones","NYY","CF","","","917","757","837.0"
"775","Kevin Newman","LAA","1B,2B,SS","","","1159","693","926.0"
"776","Yilber Diaz","ARI","SP","","","1151","694","922.5"
"777","Christian Vazquez","MIN","C","","","1254","696","975.0"
"778","Erik Miller","SF","SP,RP","","","759","921","840.0"
"779","Tirso Ornelas","SD","LF","","","1117","698","907.5"
"780","Andres Chaparro","WSH","1B,DH","","","907","774","840.5"
"781","Jack Suwinski","PIT","LF,CF,RF","","","1198","699","948.5"
"782","Emmanuel Rivera","BAL","1B,3B","","","782","900","841.0"
"783","Austin Slater","CWS","LF,CF,RF","","","703","980","841.5"
"784","Hurston Waldrep","ATL","SP","","","1239","701","970.0"
"785","Tyler Alexander","MIL","SP,RP","","","711","974","842.5"
"786","Blaze Alexander","ARI","2B,3B,SS","","","885","800","842.5"
"787","Derek Law","WSH","RP","","","1121","703","912.0"
"788","Hunter Bigge","TB","RP","","","1260","704","982.0"
"789","Whit Merrifield","","2B,3B,LF","","","993","706","849.5"
"790","Tyler Kinley","COL","RP","","","1142","708","925.0"
"791","Chase Meidroth","CWS","2B,3B,SS","","","1132","709","920.5"
"792","Will Brennan","CLE","LF,CF,RF","","","1236","710","973.0"
"793","Keegan Akin","BAL","RP","","","1169","711","940.0"
"794","Tony Santillan","CIN","RP","","","1092","712","902.0"
"795","Victor Vodnik","COL","RP","","","1091","713","902.0"
"796","Jordan Leasure","CWS","RP","","","811","885","848.0"
"797","Jake Bauers","MIL","1B,LF,RF","","","961","736","848.5"
"798","Chase Silseth","LAA","SP","","","1047","715","881.0"
"799","Pedro Leon","HOU","RF","","","801","897","849.0"
"800","Ben Casparius","LAD","SP,RP","","","870","828","849.0"
"801","Drew Gilbert","NYM","CF","","","854","844","849.0"
"802","Logan Henderson","MIL","SP","","","1202","716","959.0"
"803","Jose A. Ferrer","WSH","RP","","","1109","718","913.5"
"804","Tink Hence","STL","SP","","","1217","719","968.0"
"805","Bryan Hudson","MIL","RP","","","862","840","851.0"
"806","Jose Trevino","CIN","C","","","1197","721","959.0"
"807","Chase Burns","CIN","SP","","","1165","722","943.5"
"808","Drew Waters","KC","CF,RF","","","728","977","852.5"
"809","Kyle McCann","ATH","C","","","846","860","853.0"
"810","Wilmer Flores","SF","1B","","","1116","724","920.0"
"811","Dillon Dingler","DET","C","","","1180","726","953.0"
"812","Roansy Contreras","BAL","SP,RP","","","799","911","855.0"
"813","Johnathan Rodriguez","CLE","RF","","","1163","728","945.5"
"814","Quinn Priester","BOS","SP,RP","","","1056","729","892.5"
"815","Gregory Santos","SEA","RP","","","1061","730","895.5"
"816","Brooks Baldwin","CWS","2B,SS","","","1128","731","929.5"
"817","Max Muncy","ATH","2B,SS","","","868","847","857.5"
"818","Jeferson Quero","MIL","C","","","931","785","858.0"
"819","Connor Joe","SD","1B,LF,RF","","","1075","734","904.5"
"820","Hector Neris","ATL","RP","","","937","780","858.5"
"821","Ethan Salas","SD","C","","","755","963","859.0"
"822","James McArthur","KC","RP","","","872","846","859.0"
"823","Matt Mervis","MIA","1B,DH","","","1068","737","902.5"
"824","Elehuris Montero","","1B,3B","","","741","979","860.0"
"825","Pierce Johnson","ATL","RP","","","1152","738","945.0"
"826","Cooper Criswell","BOS","SP,RP","","","831","890","860.5"
"827","Stuart Fairchild","CIN","LF,CF,RF","","","843","879","861.0"
"828","Matthew Liberatore","STL","SP,RP","","","1102","741","921.5"
"829","Angel Martinez","CLE","LF,CF","","","951","773","862.0"
"830","Trevor Bauer","","SP","","","895","829","862.0"
"831","Justin Anderson","CWS","RP","","","1087","742","914.5"
"832","Johan Oviedo","PIT","SP","","","990","743","866.5"
"833","Donovan Solano","SEA","1B,3B,DH","","","1146","745","945.5"
"834","Dennis Santana","PIT","RP","","","1227","746","986.5"
"835","Drue Hackenberg","ATL","SP","","","879","850","864.5"
"836","Kyle Hart","SD","SP","","","1038","748","893.0"
"837","Alex Lange","DET","RP","","","748","988","868.0"
"838","Enrique Bradfield Jr.","BAL","LF,CF","","","825","906","865.5"
"839","Miguel Andujar","ATH","LF","","","1178","750","964.0"
"840","Patrick Sandoval","BOS","SP","","","765","968","866.5"
"841","Trent Grisham","NYY","CF","","","830","903","866.5"
"842","Alan Roden","TOR","LF,RF","","","1119","751","935.0"
"843","Daniel Schneemann","CLE","3B,SS,CF,RF","","","897","837","867.0"
"844","Shane Smith","CWS","SP,RP","","","875","859","867.0"
"845","Chris Taylor","LAD","2B,3B,LF","","","1006","753","879.5"
"846","Grant McCray","SF","CF","","","960","776","868.0"
"847","Liover Peguero","PIT","2B,SS","","","864","873","868.5"
"848","Sam Aldegheri","LAA","SP","","","842","896","869.0"
"849","Erik Swanson","TOR","RP","","","996","756","876.0"
"850","Yuki Matsui","SD","RP","","","1067","759","913.0"
"851","Jairo Iriarte","CWS","SP,RP","","","834","908","871.0"
"852","Eric Haase","MIL","C","","","1043","760","901.5"
"853","Javier Baez","DET","SS","","","1118","761","939.5"
"854","Dylan Lee","ATL","RP","","","912","832","872.0"
"855","Braxton Ashcraft","PIT","SP","","","953","792","872.5"
"856","Taylor Rogers","CIN","RP","","","1004","764","884.0"
"857","Derek Hill","MIA","LF,CF","","","1044","765","904.5"
"858","Nathan Lukes","TOR","LF,RF","","","930","818","874.0"
"859","Tyler Freeman","CLE","SS,CF","","","985","766","875.5"
"860","James McCann","","C","","","935","814","874.5"
"861","Stone Garrett","WSH","LF,RF,DH","","","1021","767","894.0"
"862","Alexander Canario","NYM","LF,RF","","","835","915","875.0"
"863","Michel Otanez","ATH","RP","","","1025","769","897.0"
"864","Jared Koenig","MIL","SP,RP","","","884","868","876.0"
"865","Dylan Carlson","BAL","LF,CF,RF","","","984","770","877.0"
"866","Robert Stephenson","LAA","RP","","","1100","771","935.5"
"867","Kenta Maeda","DET","SP,RP","","","1050","772","911.0"
"868","Tom Murphy","SF","C","","","913","842","877.5"
"869","Foster Griffin","","RP","","","778","978","878.0"
"870","Clayton Beeter","NYY","SP,RP","","","869","887","878.0"
"871","Kevin Alcantara","CHC","CF,RF","","","1098","775","936.5"
"872","Joe Ross","PHI","SP,RP","","","851","907","879.0"
"873","Vidal Brujan","CHC","2B,3B,SS,CF","","","1123","779","951.0"
"874","Marc Church","TEX","RP","","","910","852","881.0"
"875","Jett Williams","NYM","SS","","","1037","781","909.0"
"876","Noah Cameron","KC","SP","","","1214","782","998.0"
"877","Will Vest","DET","RP","","","1112","784","948.0"
"878","Daniel Lynch","KC","SP,RP","","","1195","786","990.5"
"879","Gustavo Campero","LAA","RF","","","871","898","884.5"
"880","Robby Snelling","MIA","SP","","","886","883","884.5"
"881","Jake Bloss","TOR","SP","","","1028","787","907.5"
"882","Randy Vasquez","SD","SP","","","1063","788","925.5"
"883","Ty Madden","DET","SP,RP","","","844","927","885.5"
"884","Tyler Ferguson","ATH","RP","","","914","857","885.5"
"885","Dedniel Nunez","NYM","RP","","","950","823","886.5"
"886","Aaron Bummer","ATL","RP","","","847","926","886.5"
"887","James Triantos","CHC","2B","","","920","853","886.5"
"888","Manuel Rodriguez","TB","RP","","","929","845","887.0"
"889","Connor Phillips","CIN","SP","","","948","827","887.5"
"890","Andy Ibanez","DET","1B,2B,3B","","","793","989","891.0"
"891","Zach DeLoach","CWS","LF,RF","","","909","867","888.0"
"892","Craig Yoho","MIL","RP","","","1079","794","936.5"
"893","Logan Evans","SEA","SP,RP","","","1071","796","933.5"
"894","Luis Urias","ATH","3B","","","815","964","889.5"
"895","Jordan Wicks","CHC","SP","","","1223","798","1,010.5"
"896","Ben Rortvedt","TB","C","","","1052","799","925.5"
"897","Zach Maxwell","CIN","RP","","","936","848","892.0"
"898","Anthony Bender","MIA","RP","","","1203","802","1,002.5"
"899","Harry Ford","SEA","1B","","","979","806","892.5"
"900","Taylor Walls","TB","SS","","","1036","803","919.5"
"901","Denzel Clarke","ATH","CF","","","971","815","893.0"
"902","Cole Young","SEA","2B,SS","","","1033","804","918.5"
"903","Luken Baker","STL","1B,DH","","","903","884","893.5"
"904","Slade Cecconi","CLE","SP,RP","","","1156","805","980.5"
"905","Cody Thomas","TEX","LF,RF","","","817","971","894.0"
"906","Luis Torrens","NYM","C","","","926","862","894.0"
"907","Graham Ashcraft","CIN","SP","","","965","825","895.0"
"908","Andrew Nardi","MIA","RP","","","997","809","903.0"
"909","Rowdy Tellez","SEA","1B","","","1010","812","911.0"
"910","Joshua Palacios","PIT","LF,CF,RF","","","923","878","900.5"
"911","Oscar Colas","CWS","CF,RF","","","902","899","900.5"
"912","Payton Eeles","MIN","2B,SS","","","1029","819","924.0"
"913","Ian Seymour","TB","SP","","","1106","822","964.0"
"914","Nick Mears","MIL","RP","","","1001","824","912.5"
"915","Brady Basso","ATH","SP","","","939","869","904.0"
"916","Eguy Rosario","SD","3B","","","1157","826","991.5"
"917","Mike Burrows","PIT","SP,RP","","","955","856","905.5"
"918","Jon Berti","CHC","3B","","","1034","830","932.0"
"919","Colin Holderman","PIT","RP","","","977","838","907.5"
"920","Chayce McDermott","BAL","SP","","","1076","833","954.5"
"921","Emiliano Teodo","TEX","SP","","","959","864","911.5"
"922","Carson Whisenhunt","SF","SP","","","1055","841","948.0"
"923","Yasmani Grandal","","C","","","963","861","912.0"
"924","Gus Varland","CWS","RP","","","845","991","918.0"
"925","Tim Anderson","LAA","SS","","","1007","849","928.0"
"926","Dane Myers","MIA","CF,RF","","","1002","851","926.5"
"927","Collin Snider","SEA","RP","","","972","863","917.5"
"928","Andrew Morris","MIN","SP","","","934","901","917.5"
"929","Ryan Fernandez","STL","RP","","","1134","854","994.0"
"930","Rafael Marchan","PHI","C","","","942","895","918.5"
"931","Alejandro Rosario","TEX","SP","","","924","913","918.5"
"932","Alex Freeland","LAD","SS","","","882","960","921.0"
"933","Sean Bouchard","COL","LF,RF","","","925","917","921.0"
"934","Mike Clevinger","CWS","SP","","","919","925","922.0"
"935","Oswald Peraza","NYY","3B,SS","","","987","871","929.0"
"936","Charlie Condon","COL","3B,LF","","","940","914","927.0"
"937","J.T. Ginn","ATH","SP,RP","","","1019","875","947.0"
"938","K.C. Hunt","MIL","SP,RP","","","1120","876","998.0"
"939","Emilio Pagan","CIN","RP","","","983","877","930.0"
"940","Nelson Velazquez","KC","LF,RF,DH","","","969","894","931.5"
"941","Jac Caglianone","KC","1B","","","1005","881","943.0"
"942","Mick Abel","PHI","SP","","","881","996","938.5"
"943","Keaton Winn","SF","SP","","","962","905","933.5"
"944","Ryan Zeferjahn","LAA","RP","","","1003","893","948.0"
"945","Hagen Smith","CWS","SP","","","896","999","947.5"
"946","Justin Crawford","PHI","CF","","","900","986","943.0"
"947","Brandon Young","BAL","SP","","","1040","904","972.0"
"948","Parker Messick","CLE","SP","","","973","919","946.0"
"949","Sawyer Gipson-Long","DET","SP","","","1032","912","972.0"
"950","Adam Mazur","MIA","SP","","","938","983","960.5"
"951","Luke Keaschall","MIN","1B,2B,CF","","","970","994","982.0"
""
""