"Player","Team","Positions","IP","K","SV","BS","HD","ERA","WHIP","ER","H","BB","HR","G","W","L","Rost%"
"Emmanuel Clase","CLE","RP","68.9","67","35","1","1","2.63","1.02","20","56","14","5","66","4","3","100%"
"Devin Williams","NYY","RP","63.0","87","32","1","2","2.81","1.13","20","42","29","5","58","4","3","99%"
"Josh Hader","HOU","RP","67.9","96","33","1","1","3.15","1.08","24","47","27","8","67","5","3","99%"
"Edwin Diaz","NYM","RP","65.3","94","35","2","1","2.94","1.05","21","45","23","6","62","4","3","98%"
"Mason Miller","ATH","RP","67.0","98","29","1","1","2.72","1.00","20","44","23","6","62","3","3","98%"
"Ryan Helsley","STL","RP","65.6","80","34","2","1","2.97","1.12","22","49","25","6","63","4","3","98%"
"Raisel Iglesias","ATL","RP","68.6","74","33","1","1","3.20","1.09","24","58","17","8","66","4","3","96%"
"Andres Munoz","SEA","RP","63.6","82","27","1","3","2.75","1.10","19","45","25","5","61","4","3","89%"
"Jhoan Duran","MIN","RP","64.6","79","26","1","4","2.82","1.12","20","52","20","4","62","5","3","90%"
"Felix Bautista","BAL","RP","58.6","84","27","1","3","2.74","1.06","18","39","24","5","55","4","2","92%"
"Ryan Walker","SF","RP","69.7","83","26","1","6","3.03","1.10","23","55","22","6","66","4","3","93%"
"Robert Suarez","SD","RP","65.1","64","28","2","3","3.62","1.18","26","56","21","8","63","4","3","91%"
"Tanner Scott","LAD","RP","67.4","82","24","1","6","3.07","1.22","23","51","31","5","65","5","3","86%"
"Pete Fairbanks","TB","RP","57.1","64","23","1","5","3.44","1.20","22","47","21","6","55","3","3","39%"
"Jeff Hoffman","TOR","RP","65.4","82","25","1","3","3.18","1.11","23","50","23","7","65","3","3","79%"
"David Bednar","PIT","RP","63.3","66","25","2","4","3.83","1.24","27","56","23","7","62","3","3","74%"
"Alexis Diaz","CIN","RP","66.0","70","23","2","4","4.20","1.31","31","54","32","8","64","3","4","79%"
"Trevor Megill","MIL","RP","60.9","73","25","1","3","3.59","1.21","24","52","22","7","58","3","3","45%"
"Kenley Jansen","LAA","RP","59.6","68","23","1","3","3.82","1.20","25","49","23","8","58","3","3","19%"
"Jordan Romano","PHI","RP","56.4","60","21","1","4","3.94","1.25","25","50","21","8","52","3","3","13%"
"Lucas Erceg","KC","RP","67.3","75","11","1","11","3.58","1.26","27","57","27","5","63","4","3","44%"
"Carlos Estevez","KC","RP","64.7","63","20","1","5","4.01","1.25","29","58","23","8","62","4","3","13%"
"Kirby Yates","LAD","RP","60.8","75","10","1","12","3.39","1.20","23","44","29","7","59","4","2","30%"
"Ryan Pressly","CHC","RP","61.2","62","24","2","5","3.51","1.21","24","56","18","6","59","3","3","73%"
"Clay Holmes","NYM","RP","140.6","130","0","1","1","3.68","1.32","57","134","52","11","43","10","7","18%"
"Justin Martinez","ARI","RP","67.7","83","18","1","9","3.19","1.30","24","53","35","4","63","4","3","68%"
"A.J. Puk","ARI","RP","64.5","77","14","1","10","3.35","1.17","24","53","22","7","62","4","3","30%"
"Ben Joyce","LAA","RP","59.0","69","8","1","10","3.48","1.25","23","47","27","6","56","3","3","9%"
"Drew Rasmussen","TB","SP,RP","113.0","111","0","0","2","3.42","1.14","43","101","28","12","37","7","5","6%"
"Kyle Finnegan","WSH","RP","65.4","61","22","2","5","4.00","1.31","29","61","24","8","62","3","4","17%"
"Aroldis Chapman","BOS","RP","63.4","92","12","1","10","3.36","1.29","24","45","37","6","63","4","3","19%"
"Liam Hendriks","BOS","RP","57.6","64","17","1","7","3.78","1.19","24","51","18","8","54","3","3","10%"
"Bowden Francis","TOR","SP,RP","151.4","139","0","0","1","4.13","1.17","70","137","40","25","32","9","8","64%"
"Porter Hodge","CHC","RP","63.3","70","10","1","12","3.63","1.27","26","51","30","6","57","3","3","11%"
"Jason Foley","DET","RP","63.6","51","15","1","8","3.70","1.26","26","62","18","6","62","3","3","17%"
"Jason Adam","SD","RP","68.3","78","5","1","16","3.21","1.08","24","51","23","7","67","4","3","27%"
"Griffin Jax","MIN","RP","69.4","81","8","1","15","3.14","1.09","24","56","19","7","67","4","3","32%"
"Luke Weaver","NYY","RP","69.6","76","5","1","16","3.78","1.18","29","60","22","9","61","3","3","30%"
"Camilo Doval","SF","RP","64.7","77","9","1","12","3.35","1.26","24","52","30","5","62","4","3","5%"
"Calvin Faucher","MIA","RP","62.3","64","18","1","7","4.08","1.40","28","59","28","6","59","2","3","3%"
"Chris Martin","TEX","RP","58.9","60","16","1","8","3.32","1.11","22","55","10","6","55","3","2","3%"
"Jackson Jobe","DET","SP","106.6","88","0","0","0","4.46","1.33","53","102","40","15","26","5","6","14%"
"Michael Kopech","LAD","RP","53.4","64","4","1","11","3.83","1.26","23","42","25","7","49","3","3","12%"
"Evan Phillips","LAD","RP","51.2","57","2","1","8","3.37","1.13","19","42","16","6","50","3","2","2%"
"Edwin Uceta","TB","RP","65.0","71","8","1","12","3.89","1.24","28","55","26","9","59","3","3","2%"
"Orion Kerkering","PHI","RP","63.5","72","5","1","12","3.10","1.13","22","52","19","5","60","4","3","7%"
"Nick Martinez","CIN","SP,RP","154.0","129","0","0","1","4.15","1.27","71","155","40","21","41","8","8","29%"
"Blake Treinen","LAD","RP","57.3","62","5","1","14","3.43","1.16","22","49","17","6","54","4","3","4%"
"Cade Smith","CLE","RP","69.9","89","2","1","18","2.99","1.11","23","54","24","6","67","4","3","25%"
"Grant Holmes","ATL","SP,RP","112.4","110","0","0","1","4.04","1.29","50","109","36","14","43","6","5","6%"
"Matt Brash","SEA","RP","43.1","56","2","1","4","3.17","1.23","15","34","19","4","42","2","2","1%"
"Chad Green","TOR","RP","61.7","58","7","2","13","3.95","1.19","27","55","18","9","59","3","3","4%"
"Jose Alvarado","PHI","RP","61.0","69","4","1","13","3.46","1.27","23","50","28","5","60","3","3","2%"
"Jeremiah Estrada","SD","RP","63.9","87","3","1","16","3.34","1.18","24","48","28","7","62","4","3","5%"
"Matt Strahm","PHI","RP","58.1","69","3","1","11","3.22","1.04","21","46","15","7","56","3","3","4%"
"Kris Bubic","KC","RP","105.3","101","0","0","2","4.10","1.32","48","102","37","12","38","5","5","2%"
"Seth Halvorsen","COL","RP","63.3","59","9","1","8","4.56","1.43","32","63","28","8","60","3","4","1%"
"Bryan Abreu","HOU","RP","72.8","93","3","2","19","3.29","1.19","27","56","31","8","70","4","3","27%"
"Paul Sewald","CLE","RP","58.1","64","1","1","12","3.84","1.17","25","49","19","9","55","3","3","1%"
"Tyler Kinley","COL","RP","62.7","65","13","1","8","4.60","1.38","32","60","27","9","62","3","3","1%"
"Robert Garcia","TEX","RP","64.6","74","8","1","11","3.49","1.20","25","54","23","7","63","4","3","2%"
"Tyler Holton","DET","SP,RP","72.0","62","6","1","13","3.37","1.12","27","62","18","8","65","4","3","7%"
"Jesus Tinoco","MIA","RP","63.4","64","6","1","11","3.90","1.30","28","58","25","7","59","3","3","0%"
"David Robertson","","RP","55.5","67","3","1","3","3.39","1.21","21","44","23","6","46","3","3","1%"
"Jose Leclerc","ATH","RP","66.2","77","3","1","13","3.83","1.27","28","53","31","8","63","3","3","1%"
"Ben Brown","CHC","SP,RP","52.2","59","0","0","2","3.57","1.19","21","43","19","6","29","3","2","1%"
"Craig Kimbrel","","RP","43.1","53","3","1","2","4.03","1.28","19","35","21","6","36","3","3","1%"
"Justin Slaten","BOS","RP","64.9","68","4","1","15","3.88","1.29","28","60","24","8","58","3","3","1%"
"Jorge Lopez","WSH","RP","61.3","54","6","1","13","4.21","1.34","29","60","22","8","58","3","3","1%"
"Kevin Ginkel","ARI","RP","63.6","68","4","1","14","3.44","1.20","24","56","20","6","61","4","3","1%"
"Joel Payamps","MIL","RP","62.9","61","5","1","15","3.68","1.20","26","56","20","8","61","4","3","2%"
"Jordan Hicks","SF","SP,RP","123.9","113","0","0","1","4.12","1.38","57","117","54","12","35","7","7","2%"
"Hunter Harvey","KC","RP","61.2","63","2","1","16","3.74","1.21","25","55","19","7","58","3","3","1%"
"Yennier Cano","BAL","RP","63.6","63","3","1","16","3.40","1.25","24","57","23","6","61","3","3","8%"
"Yimi Garcia","TOR","RP","60.4","67","4","1","15","3.55","1.14","24","51","18","8","57","3","3","1%"
"Luis L. Ortiz","CLE","SP,RP","137.9","115","0","0","1","4.33","1.33","66","132","51","19","30","7","8","3%"
"Hayden Wesneski","HOU","SP,RP","88.8","82","0","0","2","4.26","1.27","42","83","30","13","37","4","5","1%"
"Michael Soroka","WSH","SP,RP","106.1","99","0","0","1","4.43","1.34","52","99","43","15","37","5","7","2%"
"A.J. Minter","NYM","RP","55.7","63","2","1","12","3.39","1.15","21","45","19","6","55","3","3","1%"
"Beau Brieske","DET","SP,RP","66.3","63","8","1","11","3.94","1.28","29","59","25","8","58","3","4","1%"
"Jack Leiter","TEX","SP,RP","109.6","111","0","0","1","4.64","1.36","56","101","48","16","32","5","7","2%"
"Prelander Berroa","CWS","RP","23.9","26","1","1","3","4.67","1.57","12","20","17","3","20","1","2","0%"
"Dylan Lee","ATL","RP","63.1","72","0","1","13","3.37","1.15","24","54","18","8","60","3","3","0%"
"Justin Anderson","CWS","RP","63.5","66","8","1","10","4.35","1.41","31","59","31","8","62","2","3","0%"
"Osvaldo Bido","ATH","SP,RP","89.8","83","0","0","1","4.40","1.31","44","82","36","12","31","4","5","0%"
"Aaron Ashby","MIL","RP","62.1","62","0","0","2","4.04","1.40","28","56","31","6","35","3","3","0%"
"Tommy Kahnle","DET","RP","52.5","54","2","0","9","3.64","1.27","21","44","22","6","50","2","2","0%"
"Hunter Gaddis","CLE","RP","67.1","61","1","1","19","3.88","1.18","29","60","20","9","62","3","4","6%"
"Luis Garcia","LAD","RP","23.6","21","0","0","2","3.96","1.29","10","23","7","3","23","1","1","0%"
"Keegan Akin","BAL","RP","70.4","78","1","0","13","3.53","1.15","28","60","21","9","64","4","3","0%"
"Will Smith","","RP","31.1","27","0","0","2","4.62","1.34","16","30","11","5","31","1","2","0%"
"Cole Sands","MIN","RP","65.2","71","2","1","13","3.67","1.18","27","57","19","8","59","4","3","1%"
"Seranthony Dominguez","BAL","RP","62.3","67","4","1","13","3.82","1.25","26","54","24","8","62","3","3","1%"
"Alex Lange","DET","RP","35.9","40","1","0","2","3.83","1.36","15","30","19","3","35","2","2","0%"
"Andrew Kittredge","BAL","RP","36.5","33","1","1","4","3.85","1.21","16","34","10","5","35","2","2","0%"
"Alex Vesia","LAD","RP","61.0","77","1","0","12","3.51","1.18","24","46","26","8","60","4","3","2%"
"Derek Law","WSH","RP","72.5","62","5","1","14","3.92","1.32","32","70","25","8","68","4","4","1%"
"Yuki Matsui","SD","RP","58.8","67","1","0","9","3.65","1.24","24","48","25","7","57","3","2","1%"
"Andre Pallante","STL","SP,RP","145.6","107","0","0","1","3.97","1.39","64","144","58","12","34","8","8","3%"
"Hector Neris","ATL","RP","57.3","61","1","1","11","4.05","1.31","26","51","24","7","56","4","3","0%"
"Michael Lorenzen","KC","SP","137.8","105","0","0","1","4.58","1.40","70","134","58","18","42","6","8","1%"
"Kenta Maeda","DET","SP,RP","76.1","69","0","0","2","4.45","1.26","38","74","22","12","40","3","4","0%"
"Adrian Morejon","SD","RP","61.8","64","1","0","12","3.62","1.24","25","55","21","7","59","3","3","0%"
"Taylor Rogers","CIN","RP","61.9","68","6","1","12","4.17","1.30","29","56","24","9","61","3","3","0%"
"Robert Stephenson","LAA","RP","31.8","38","0","0","3","3.94","1.17","14","27","10","5","31","2","2","0%"
"Landen Roupp","SF","RP","99.8","98","0","0","1","3.76","1.30","42","88","42","9","41","5","5","1%"
"Pierce Johnson","ATL","RP","64.3","77","3","1","14","3.69","1.29","26","56","27","7","62","4","3","0%"
"Tony Santillan","CIN","RP","57.6","66","2","1","11","4.30","1.36","28","51","27","8","54","3","3","0%"
"Jose Butto","NYM","SP,RP","64.4","64","1","0","15","3.80","1.26","27","55","27","7","54","4","3","1%"
"Bryan Hudson","MIL","RP","61.4","65","2","1","12","3.40","1.18","23","51","22","7","55","3","3","0%"
"Dedniel Nunez","NYM","RP","49.9","58","0","0","7","3.43","1.19","19","41","18","5","45","3","2","0%"
"Jacob Misiorowski","MIL","SP,RP","33.5","36","0","0","1","4.42","1.44","16","28","20","4","27","2","2","1%"
"Tyler Rogers","SF","RP","70.0","50","2","1","18","3.72","1.22","29","70","15","7","68","3","3","3%"
"Gregory Santos","SEA","RP","55.9","56","3","1","12","3.28","1.23","20","49","20","4","50","3","2","0%"
"Gregory Soto","BAL","RP","59.6","66","1","1","12","3.67","1.30","24","51","27","5","59","3","3","0%"
"Andrew Nardi","MIA","RP","47.5","59","2","1","6","3.70","1.23","20","40","19","6","46","2","3","0%"
"Jared Koenig","MIL","SP,RP","64.2","61","2","1","13","3.82","1.30","27","60","23","7","58","3","4","0%"
"Abner Uribe","MIL","RP","48.9","55","2","1","5","3.60","1.36","20","38","29","4","45","2","2","0%"
"Jakob Junis","CLE","SP,RP","67.0","61","0","0","8","4.06","1.20","30","65","15","9","45","3","3","0%"
"DL Hall","MIL","SP,RP","43.5","46","0","0","2","4.04","1.34","20","39","20","5","26","2","2","0%"
"Mitch Spence","ATH","SP,RP","120.5","95","0","0","1","4.43","1.33","59","124","36","17","26","6","7","1%"
"Manuel Rodriguez","TB","RP","61.0","59","2","1","13","3.72","1.28","25","55","23","6","59","3","3","0%"
"Will Vest","DET","RP","68.4","66","2","1","13","3.55","1.22","27","62","22","6","66","3","3","1%"
"Brant Hurter","DET","RP","53.0","44","0","0","4","3.77","1.21","22","51","13","6","43","3","3","0%"
"Tim Herrin","CLE","RP","62.6","66","0","1","15","3.38","1.24","24","52","25","5","61","3","3","0%"
"James McArthur","KC","RP","29.7","27","1","1","3","4.22","1.35","14","30","10","3","28","2","2","0%"
"Aaron Bummer","ATL","RP","63.4","73","1","1","14","3.31","1.28","23","56","25","4","61","4","3","0%"
"Reed Garrett","NYM","RP","65.3","77","2","1","15","3.75","1.32","27","56","30","7","61","4","4","1%"
"JoJo Romero","STL","RP","60.3","57","1","2","16","3.73","1.26","25","56","20","7","59","3","3","1%"
"Louis Varland","MIN","SP,RP","63.6","62","1","0","7","4.09","1.27","29","62","19","9","48","3","4","0%"
"Cionel Perez","BAL","RP","58.0","50","0","1","12","3.84","1.39","25","54","27","5","58","3","3","0%"
"Anthony Bender","MIA","RP","59.6","61","5","1","13","3.80","1.28","25","55","22","6","57","3","3","0%"
"Mark Leiter Jr.","NYY","RP","60.4","72","1","1","14","3.82","1.22","26","51","22","8","57","3","3","1%"
"Matt Festa","TEX","RP","11.3","12","0","0","1","4.26","1.27","5","10","4","1","10","1","1","0%"
"Scott Barlow","CIN","RP","57.8","63","1","0","10","4.01","1.32","26","51","25","7","56","3","3","0%"
"Collin Snider","SEA","RP","61.0","57","2","1","13","4.11","1.36","28","57","26","7","58","3","3","0%"
"Jose A. Ferrer","WSH","RP","59.2","49","3","1","12","3.81","1.28","25","57","19","6","56","3","3","0%"
"Tyson Miller","CHC","RP","62.6","58","1","1","14","4.01","1.25","28","57","21","8","58","3","3","0%"
"Danny Coulombe","MIN","RP","50.9","53","1","0","8","3.56","1.18","20","45","15","6","49","3","2","0%"
"Kevin Kelly","TB","RP","49.0","44","0","1","6","3.57","1.15","19","45","11","5","46","2","2","0%"
"George Soriano","MIA","RP","45.8","43","0","0","3","4.53","1.40","23","44","20","6","40","2","2","0%"
"Marc Church","TEX","RP","49.7","51","3","0","9","4.29","1.32","24","46","20","7","45","2","3","0%"
"Nick Sandlin","TOR","RP","60.7","65","0","1","12","4.00","1.28","27","50","27","8","60","3","3","0%"
"Fernando Cruz","NYY","RP","63.3","87","0","1","15","3.62","1.23","25","49","29","7","62","3","3","2%"
"Dennis Santana","PIT","RP","66.9","64","3","1","14","4.20","1.35","31","62","28","7","64","3","3","0%"
"Justin Lawrence","PIT","RP","60.2","54","0","1","7","4.50","1.46","30","59","29","6","57","3","3","0%"
"Eli Morgan","CHC","RP","51.1","48","0","0","6","4.05","1.23","23","47","16","7","48","3","2","0%"
"Garrett Cleavinger","TB","RP","62.1","73","3","1","16","3.89","1.30","27","51","29","7","61","3","4","0%"
"Giovanny Gallegos","LAD","RP","28.1","27","0","1","2","4.64","1.32","15","27","10","5","27","1","2","0%"
"Brock Burke","LAA","RP","64.4","63","1","0","14","4.00","1.30","29","61","23","8","59","3","3","0%"
"Slade Cecconi","CLE","SP,RP","51.5","46","0","0","1","4.28","1.22","25","50","12","8","33","2","3","0%"
"Hunter Bigge","TB","RP","51.1","58","0","0","7","4.08","1.36","23","44","25","7","49","2","2","0%"
"Michel Otanez","ATH","RP","59.7","74","1","1","14","3.89","1.38","26","48","35","6","58","3","3","0%"
"Cole Irvin","","SP,RP","45.8","32","0","0","0","4.70","1.35","24","50","12","8","10","2","3","0%"
"Brock Stewart","MIN","RP","54.4","67","1","1","11","3.65","1.26","22","45","23","6","50","3","2","0%"
"Ian Hamilton","NYY","RP","59.6","65","1","1","15","3.54","1.26","23","51","24","6","54","3","3","0%"
"Erik Swanson","TOR","RP","46.7","46","1","1","6","4.28","1.29","22","44","16","7","46","2","2","0%"
"Colin Rea","CHC","SP","119.3","94","0","0","1","4.53","1.30","60","121","34","18","29","6","7","0%"
"Mason Montgomery","TB","RP","53.4","54","1","1","11","4.15","1.31","25","50","20","8","47","2","3","0%"
"Ryan Brasier","CHC","RP","56.8","55","2","0","11","3.61","1.17","23","50","16","6","55","3","2","0%"
"Trent Thornton","SEA","RP","66.3","65","1","1","13","3.77","1.20","28","59","20","9","63","3","3","0%"
"Grant Anderson","MIL","RP","28.7","29","0","0","1","4.24","1.31","14","27","11","4","26","1","2","0%"
"Sean Hjelle","SF","RP","66.2","56","0","0","11","3.94","1.31","29","68","19","6","56","3","3","0%"
"Ryan Fernandez","STL","RP","65.5","65","1","1","16","3.84","1.30","28","60","26","7","62","3","3","0%"
"Victor Vodnik","COL","RP","66.3","62","4","1","11","4.38","1.47","32","66","31","7","62","3","4","0%"
"Nate Pearson","CHC","RP","54.4","59","1","1","8","3.91","1.25","24","47","21","7","51","2","3","0%"
"Spencer Turnbull","","SP,RP","61.8","57","0","0","0","4.17","1.29","29","57","23","7","13","4","4","0%"
"Steven Matz","STL","SP,RP","100.5","87","0","0","1","4.18","1.30","47","100","31","13","31","5","5","0%"
"Colin Holderman","PIT","RP","62.0","62","4","1","14","3.88","1.31","27","55","26","6","60","3","3","1%"
"Elvin Rodriguez","MIL","SP","22.7","20","0","0","1","4.44","1.34","11","22","9","3","21","1","1","0%"
"Tyler Ferguson","ATH","RP","63.1","68","1","1","13","4.11","1.35","29","54","31","7","59","3","4","0%"
"Jose Quijada","LAA","RP","55.6","63","0","1","11","4.11","1.34","25","46","28","7","54","3","3","0%"
"Erik Miller","SF","SP,RP","62.4","76","1","1","13","3.51","1.30","24","48","33","5","62","3","3","0%"
"Ryan Thompson","ARI","RP","63.3","51","0","1","15","3.73","1.27","26","62","18","6","61","4","3","1%"
"Colin Poche","WSH","RP","55.2","51","1","0","10","4.17","1.28","26","50","21","8","54","3","3","0%"
"Daniel Lynch","KC","RP","66.2","52","0","0","3","4.34","1.33","32","67","20","9","42","3","3","0%"
"Albert Suarez","BAL","SP,RP","76.2","66","0","0","7","4.36","1.32","37","76","25","11","51","4","3","1%"
"James Karinchak","CWS","RP","36.4","46","0","0","3","4.12","1.35","17","28","21","5","35","2","2","0%"
"Eduard Bazardo","SEA","RP","30.0","31","0","0","1","3.64","1.20","12","26","10","3","27","2","1","0%"
"Angel Chivilli","COL","RP","53.2","48","0","1","8","4.58","1.39","27","54","20","8","50","2","3","0%"
"Hoby Milner","TEX","RP","57.1","52","0","0","9","3.80","1.20","24","54","14","7","55","2","3","0%"
"Julian Merryweather","CHC","RP","50.3","55","0","0","8","3.87","1.30","22","45","21","6","46","3","2","0%"
"Michael Grove","LAD","RP","34.6","36","0","3","7","4.43","1.28","17","32","12","6","25","1","3","0%"
"Justin Wrobleski","LAD","SP,RP","40.6","36","0","0","1","4.35","1.32","20","39","15","6","31","2","2","0%"
"Dane Dunning","TEX","SP,RP","73.0","65","0","0","4","4.33","1.32","35","71","26","10","46","3","4","0%"
"Joe Mantiply","ARI","RP","58.8","51","0","1","13","3.77","1.26","25","57","17","6","59","3","3","0%"
"Ryne Stanek","NYM","RP","57.8","64","0","1","11","3.96","1.30","25","48","27","7","57","3","3","0%"
"Adrian Houser","TEX","SP,RP","27.2","19","0","0","0","4.64","1.43","14","28","10","3","7","1","2","0%"
"Angel Perdomo","ATL","RP","50.7","65","0","0","7","3.71","1.28","21","40","25","6","48","3","3","0%"
"Jairo Iriarte","CWS","SP","35.4","31","0","0","1","4.74","1.46","19","34","17","5","22","1","2","0%"
"Roansy Contreras","BAL","RP","31.3","28","0","0","2","4.41","1.32","15","29","12","4","27","1","1","0%"
"Sean Guenther","DET","RP","41.2","33","0","0","3","3.77","1.25","17","40","11","4","39","2","2","0%"
"Craig Yoho","MIL","RP","42.7","50","0","0","2","3.62","1.27","17","36","18","5","42","2","2","0%"
"Tanner Banks","PHI","RP","66.8","65","0","1","12","3.88","1.25","29","63","21","8","61","3","3","0%"
"Emilio Pagan","CIN","RP","62.2","65","3","1","11","4.32","1.25","30","57","21","11","60","3","3","0%"
"Jonathan Loaisiga","NYY","RP","35.7","29","0","0","2","3.65","1.24","14","34","10","3","33","2","2","0%"
"Caleb Thielbar","CHC","RP","56.9","62","0","0","11","3.79","1.25","24","50","21","7","57","3","3","0%"
"Kyle Hendricks","LAA","SP","123.0","86","0","0","0","5.03","1.39","69","135","36","21","23","6","9","0%"
"Jake Cousins","NYY","RP","53.0","64","1","0","9","3.75","1.27","22","41","26","6","50","3","2","0%"
"Matthew Liberatore","STL","SP,RP","75.2","68","1","0","13","4.09","1.32","34","71","28","9","57","4","4","0%"
"Jorge Alcala","MIN","RP","62.2","65","0","1","14","4.03","1.26","28","53","25","8","59","3","3","0%"
"Keegan Thompson","CHC","RP","36.8","38","1","0","3","3.97","1.31","16","31","17","5","30","2","2","0%"
"Danny Young","NYM","RP","54.0","59","0","0","10","3.79","1.32","23","46","25","5","53","3","3","0%"
"Justin Topa","MIN","RP","43.6","38","0","0","3","3.90","1.31","19","42","15","4","41","2","2","0%"
"Jacob Webb","TEX","RP","62.7","63","3","0","12","4.24","1.33","30","55","28","8","61","3","3","0%"
"Ryan Burr","TOR","RP","44.5","52","0","0","2","3.71","1.23","18","39","16","6","43","2","2","0%"
"Ryan Yarbrough","TOR","RP","31.5","23","0","0","1","4.31","1.25","15","31","9","4","23","2","1","0%"
"Quinn Priester","BOS","SP,RP","47.5","39","0","0","1","4.26","1.35","23","48","16","5","27","3","3","0%"
"Logan Evans","SEA","SP,RP","16.0","12","0","0","1","4.33","1.37","8","16","6","2","8","1","1","0%"
"Carson Spiers","CIN","SP,RP","47.2","41","0","0","1","4.90","1.39","26","50","16","8","32","2","3","0%"
"Lucas Sims","WSH","RP","56.4","58","1","1","12","4.49","1.37","28","48","29","8","55","3","4","0%"
"Hans Crouse","LAA","RP","52.4","63","0","0","6","4.06","1.31","24","43","26","7","50","3","3","0%"
"Phil Maton","STL","RP","59.9","58","1","0","10","4.10","1.28","27","54","23","8","60","3","3","0%"
"Elvis Peguero","MIL","RP","57.1","52","0","1","11","3.91","1.35","25","53","24","5","54","3","3","0%"
"Tayler Scott","HOU","RP","65.2","66","1","1","15","4.05","1.34","29","58","29","8","62","4","3","0%"
"Luke Little","CHC","RP","41.4","49","0","0","2","3.40","1.30","16","32","22","3","41","2","2","0%"
"Bryan King","HOU","RP","56.1","57","0","0","11","3.64","1.30","23","50","23","6","55","2","2","0%"
"Nick Anderson","STL","RP","31.3","27","0","0","2","4.38","1.34","15","31","11","5","31","2","2","0%"
"Nick Mears","MIL","RP","59.5","73","0","1","12","3.87","1.30","26","49","28","7","57","3","3","0%"
"John Schreiber","KC","RP","60.6","56","1","1","15","3.87","1.32","26","56","24","5","59","3","3","0%"
"Daysbel Hernandez","ATL","RP","53.2","61","0","0","9","3.82","1.34","23","45","26","6","51","3","2","0%"
"Gabe Speier","SEA","RP","52.9","56","0","1","10","3.75","1.23","22","47","18","6","53","2","2","0%"
"Joe Ross","PHI","SP,RP","59.1","50","0","0","4","4.48","1.37","29","59","22","8","40","3","3","0%"
"Cooper Criswell","BOS","SP","29.6","22","0","0","1","4.43","1.35","15","31","9","3","17","1","1","0%"
"Dylan Floro","ATH","RP","46.6","36","0","0","4","3.97","1.31","21","47","14","4","45","3","2","0%"
"Mike Burrows","PIT","SP","32.5","29","0","0","1","4.41","1.35","16","31","13","4","24","2","2","0%"
"Sam Moll","CIN","RP","58.8","59","0","1","12","4.05","1.33","26","53","25","7","58","3","3","0%"
"Ty Madden","DET","SP","23.3","22","0","0","1","4.37","1.33","11","22","9","3","21","1","1","0%"
"Caleb Ferguson","PIT","RP","57.4","60","1","0","10","3.75","1.33","24","53","23","5","57","3","3","0%"
"J.T. Ginn","ATH","SP,RP","84.1","63","0","0","1","4.53","1.38","42","87","30","10","27","4","5","0%"
"Ryan Zeferjahn","LAA","RP","56.4","58","1","0","9","4.46","1.39","28","51","28","8","51","2","3","0%"
"Carmen Mlodzinski","PIT","RP","61.0","54","1","1","11","4.21","1.36","29","58","25","7","55","3","4","0%"
"Wandy Peralta","SD","RP","49.4","40","1","1","7","3.86","1.32","21","45","20","5","49","2","3","0%"
"Zach Maxwell","CIN","RP","29.8","33","0","0","1","4.47","1.46","15","27","17","4","29","2","2","0%"
"Moises Chace","PHI","SP,RP","7.8","8","0","0","0","4.99","1.55","4","7","5","1","2","0","1","0%"
"Kendall Graveman","ARI","RP","50.1","48","0","1","8","4.04","1.37","23","46","22","6","49","3","3","0%"
"Tayler Saucedo","SEA","RP","58.3","55","0","0","11","3.81","1.32","25","52","25","6","57","3","2","0%"
"Jhony Brito","SD","RP","40.7","31","0","0","1","4.14","1.31","19","41","13","5","31","2","2","0%"
"Tristan Beck","SF","SP,RP","47.0","41","0","0","2","4.08","1.27","21","46","14","6","38","2","2","0%"
"Andrew Chafin","DET","RP","47.6","53","1","0","5","3.89","1.33","21","41","22","5","48","2","3","0%"
"Brusdar Graterol","LAD","RP","23.8","20","0","0","2","3.26","1.18","9","22","6","2","22","1","1","0%"
"Shawn Armstrong","TEX","SP,RP","63.0","61","0","0","11","4.15","1.28","29","60","21","8","58","3","3","0%"
"Erik Sabrowski","CLE","RP","41.0","48","0","0","3","3.78","1.38","17","35","22","4","39","3","2","0%"
"Josh Sborz","TEX","RP","35.4","40","2","1","4","3.91","1.28","15","31","15","4","33","2","2","0%"
"Troy Taylor","SEA","RP","47.8","48","0","0","7","3.84","1.29","20","42","20","6","49","3","3","0%"
"Ben Casparius","LAD","SP","36.4","36","0","0","3","4.56","1.38","18","34","17","5","31","2","2","0%"
"Joe Jimenez","ATL","RP","25.1","30","0","1","5","3.52","1.15","10","21","8","3","25","1","1","0%"
"Caleb Kilian","CHC","SP,RP","24.3","19","0","0","1","4.29","1.36","12","24","9","3","16","1","1","0%"
"Greg Weissert","BOS","RP","61.3","59","0","1","11","4.07","1.33","28","58","24","7","59","3","3","0%"
"Michael Tonkin","MIN","RP","53.6","54","0","0","5","4.24","1.30","25","49","20","7","48","3","2","0%"
"Brenan Hanifee","DET","RP","47.0","37","0","1","6","3.80","1.27","20","46","13","5","42","2","2","0%"
"Edgardo Henriquez","LAD","RP","21.2","23","0","0","1","4.24","1.41","10","18","11","3","21","1","1","0%"
"Bryan Hoeing","SD","RP","56.6","45","0","0","9","4.10","1.29","26","56","17","7","48","3","3","0%"
"Shane Smith","CWS","SP,RP","67.7","63","1","0","4","4.30","1.34","32","65","26","9","44","3","4","0%"
"Anthony Banda","LAD","RP","58.2","58","0","0","12","4.11","1.33","27","55","23","7","55","3","2","0%"
"Nic Enright","CLE","RP","37.2","39","0","0","2","3.69","1.19","15","33","11","5","37","2","2","0%"
"Clayton Beeter","NYY","SP,RP","28.3","33","0","0","2","3.77","1.28","12","23","13","3","25","1","1","0%"
"Jaden Hill","COL","RP","34.1","31","0","0","2","4.72","1.45","18","35","14","4","31","2","2","0%"
"Shelby Miller","ARI","RP","52.9","50","0","0","9","4.28","1.27","25","48","20","7","50","3","3","0%"
"Jordan Leasure","CWS","RP","52.6","51","3","2","6","4.60","1.41","27","49","25","8","50","2","3","0%"
"John King","STL","RP","59.3","40","0","1","11","3.76","1.32","25","62","16","5","55","3","3","0%"
"Gus Varland","CWS","RP","57.0","53","3","0","9","4.40","1.39","28","57","22","8","53","2","3","0%"
"Brennan Bernardino","BOS","RP","49.4","50","0","1","8","4.02","1.33","22","47","19","5","49","2","2","0%"
"John Brebbia","DET","RP","52.9","56","0","0","7","4.14","1.25","24","49","17","8","52","3","3","0%"
"JT Brubaker","NYY","SP,RP","48.7","45","0","0","1","4.44","1.32","24","47","17","7","35","2","2","0%"
"Brent Headrick","NYY","SP,RP","35.8","36","0","0","1","4.08","1.25","16","33","12","6","32","2","2","0%"
"Luke Jackson","TEX","RP","54.3","58","0","0","6","4.02","1.35","24","49","24","6","52","3","3","0%"
"Bryse Wilson","CWS","SP,RP","90.0","66","0","0","1","4.73","1.36","47","95","28","15","35","3","6","0%"
"Richard Lovelady","TOR","RP","28.0","26","0","0","1","3.75","1.22","12","26","8","3","27","2","2","0%"
"Tyler Alexander","MIL","SP,RP","53.3","45","0","0","2","4.62","1.26","27","55","12","10","36","3","3","0%"
"Kaleb Ort","HOU","RP","56.9","60","0","0","11","4.22","1.31","27","51","24","8","54","3","3","0%"
"Grant Holman","ATH","RP","55.5","52","0","0","11","4.03","1.34","25","51","23","6","54","3","3","0%"
"Drey Jameson","ARI","RP","43.2","38","0","0","4","4.19","1.36","20","43","16","5","37","2","2","0%"
"Bryan Baker","BAL","RP","47.8","50","0","0","6","4.01","1.30","21","42","20","6","45","3","2","0%"
"Max Lazar","PHI","RP","38.1","33","0","0","2","4.08","1.26","17","37","11","5","35","2","2","0%"
"Trevor Stephan","CLE","RP","34.4","37","1","1","4","3.92","1.26","15","31","13","4","34","2","2","0%"
"Luis Mey","CIN","RP","38.1","34","0","0","2","5.35","1.69","23","39","26","5","37","2","2","0%"
"Jackson Rutledge","WSH","SP","27.9","23","0","0","1","4.67","1.43","14","27","12","4","24","1","2","0%"
"Angel Zerpa","KC","RP","58.0","50","0","1","12","3.86","1.30","25","57","19","6","54","3","3","0%"
"Joe Kelly","","RP","32.2","38","0","0","3","3.68","1.31","13","26","16","3","32","2","2","0%"
"Forrest Whitley","HOU","RP","47.9","51","0","0","7","3.99","1.34","21","42","22","5","45","2","2","0%"
"Andrew Walters","CLE","RP","44.8","50","0","0","5","4.01","1.32","20","38","21","6","46","2","2","0%"
"Walter Pennington","TEX","RP","36.9","35","0","0","1","3.88","1.33","16","34","15","4","35","2","2","0%"
"Evan Reifert","WSH","RP","28.4","33","1","0","2","4.02","1.32","13","23","14","3","26","1","1","0%"
"Dauri Moreta","PIT","RP","31.5","33","0","0","1","3.98","1.25","14","27","12","4","31","2","2","0%"
"Enyel De Los Santos","ATL","RP","38.4","39","0","0","2","4.19","1.30","18","35","15","6","37","2","2","0%"
"Jalen Beeks","HOU","RP","47.0","43","0","0","3","4.06","1.36","21","45","18","5","45","3","2","0%"
"Jose Suarez","LAA","RP","66.0","64","0","0","8","4.45","1.35","33","64","25","10","47","3","4","0%"
"Zach Brzykcy","WSH","RP","37.9","38","0","0","2","4.34","1.36","18","35","17","5","36","2","2","0%"
"Scott Effross","NYY","RP","28.7","24","0","0","1","3.92","1.26","12","27","9","3","27","2","1","0%"
"Spencer Bivens","SF","RP","40.6","31","0","0","2","4.13","1.34","19","41","14","5","35","2","2","0%"
"Alex Faedo","TB","SP,RP","58.0","56","0","0","10","4.33","1.30","28","53","22","9","46","3","3","0%"
"Drew Smyly","","RP","42.6","41","0","0","2","4.29","1.30","20","41","15","7","36","2","3","0%"
"Pedro Avila","","RP","49.7","47","0","0","0","4.45","1.38","25","46","23","6","28","3","2","0%"
"Kyle Nelson","ARI","RP","29.5","29","0","0","2","4.07","1.29","13","27","11","4","29","2","1","0%"
"Adam Ottavino","BOS","RP","39.9","42","0","0","3","4.11","1.30","18","36","17","4","39","2","2","0%"
"Sam Hentges","CLE","RP","22.6","23","0","0","2","3.86","1.29","10","20","9","2","21","1","1","0%"
"Randy Rodriguez","SF","RP","52.2","52","0","0","7","4.06","1.35","24","46","24","6","46","2","3","0%"
"Daniel Palencia","CHC","RP","35.1","40","0","0","2","3.91","1.34","15","29","18","4","32","2","2","0%"
"Franco Aleman","CLE","RP","23.3","24","0","0","2","3.95","1.29","10","21","9","3","23","2","1","0%"
"Ron Marinaccio","SD","RP","36.7","37","0","0","2","4.14","1.33","17","31","17","5","35","2","2","0%"
"Fraser Ellard","CWS","RP","58.9","58","3","1","11","4.17","1.41","27","54","29","7","57","3","4","0%"
"Colin Selby","BAL","RP","36.6","38","0","0","1","3.87","1.34","16","32","17","4","35","2","2","0%"
"Scott Alexander","COL","RP","53.4","40","1","0","8","4.05","1.35","24","55","17","5","52","3","3","0%"
"Brent Suter","CIN","RP","61.1","48","0","0","8","4.39","1.34","30","64","18","9","56","2","3","0%"
"Bennett Sousa","HOU","RP","30.8","31","0","0","1","3.95","1.32","14","28","12","4","30","2","2","0%"
"Josh Winckowski","BOS","SP,RP","48.2","40","0","1","4","4.02","1.34","21","49","16","5","41","2","3","0%"
"Zack Kelly","BOS","RP","33.5","35","0","0","2","4.12","1.36","15","29","16","4","31","2","2","0%"
"Buck Farmer","ATL","RP","52.1","51","0","0","5","4.25","1.33","25","47","22","7","49","3","2","0%"
"Andrew Misiaszek","CLE","","29.7","30","0","0","2","3.94","1.34","13","27","13","4","29","2","1","0%"
"Austin Voth","","RP","52.7","50","0","0","2","4.44","1.29","26","50","18","8","47","2","3","0%"
"Penn Murfee","CWS","SP","44.7","43","0","0","6","4.08","1.30","20","41","17","6","44","2","2","0%"
"Brooks Raley","","RP","21.7","22","1","0","2","3.93","1.29","9","19","9","2","22","1","1","0%"
"Chase Lee","DET","","18.1","17","0","0","1","3.61","1.24","7","16","6","2","18","1","1","0%"
"Huascar Brazoban","NYM","RP","44.6","46","0","1","3","4.01","1.34","20","39","21","5","41","2","2","0%"
"Daniel Robert","TEX","RP","31.1","32","0","0","1","4.18","1.30","14","28","13","4","29","2","2","0%"
"Kevin Herget","NYM","RP","30.3","27","0","0","2","4.09","1.23","14","29","8","4","26","2","2","0%"
"Domingo Gonzalez","ATL","","35.6","37","0","0","2","4.17","1.34","17","32","15","4","33","2","2","0%"
"Trevor McDonald","SF","SP","31.7","25","0","0","1","3.98","1.33","14","31","11","3","27","2","2","0%"
"Nick Hernandez","HOU","RP","39.8","42","0","0","2","4.21","1.28","19","35","16","6","36","2","2","0%"
"Hunter Stratton","PIT","RP","21.7","20","0","0","2","4.14","1.33","10","20","9","2","20","1","1","0%"
"Michael Kelly","ATH","RP","21.3","20","0","0","2","4.31","1.35","10","20","9","3","20","1","1","0%"
"JT Chargois","TEX","RP","21.0","19","0","0","1","4.12","1.29","10","19","8","3","20","1","1","0%"
"Enoli Paredes","ATL","RP","21.2","23","0","0","1","3.66","1.29","9","16","12","2","17","1","1","0%"
"Michael Fulmer","BOS","RP","52.6","52","0","1","8","4.18","1.35","24","49","22","6","51","3","3","0%"
"Seth Martinez","MIA","RP","45.8","39","0","0","2","4.16","1.33","21","43","18","6","42","2","2","0%"
"Justin Sterner","ATH","RP","43.5","43","0","0","5","4.34","1.31","21","40","17","7","40","2","2","0%"
"Eiberson Castellano","MIN","RP","31.2","30","0","0","2","4.24","1.33","15","30","12","4","28","2","2","0%"
"Luis Contreras","HOU","RP","35.4","35","0","0","1","4.21","1.32","17","32","15","5","33","2","2","0%"
"Jose Ruiz","PHI","RP","59.3","58","0","0","10","4.29","1.33","28","55","23","8","56","3","3","0%"
"Jack Dreyer","LAD","","29.7","30","0","0","1","4.09","1.32","13","27","12","4","30","2","2","0%"
"Jacob Lopez","ATH","SP","27.1","26","0","0","1","4.10","1.31","12","24","12","3","23","1","1","0%"
"Kody Funderburk","MIN","RP","45.8","46","0","0","3","3.84","1.34","20","42","19","4","41","2","2","0%"
"Jesse Chavez","TEX","RP","32.4","29","0","0","2","4.22","1.31","15","32","11","5","28","1","2","0%"
"Evan Sisk","KC","RP","30.7","29","0","0","1","3.87","1.39","13","28","15","2","30","2","2","0%"
"Brendon Little","TOR","RP","57.7","50","0","1","11","3.83","1.38","25","54","26","5","56","3","3","0%"
"Sean Reid-Foley","NYM","RP","28.3","31","0","0","3","4.04","1.41","13","24","16","3","26","1","1","0%"
"Mason Fluharty","TOR","","22.2","21","0","0","1","4.12","1.31","10","21","8","3","22","1","1","0%"
"Kyle Amendt","ARI","","14.7","17","0","0","1","3.92","1.37","6","13","7","2","15","1","1","0%"
"Declan Cronin","MIA","RP","66.9","58","1","0","12","4.03","1.39","30","67","26","6","62","3","3","0%"
"Cam Booser","CWS","RP","51.1","53","1","0","6","4.36","1.39","25","47","24","7","49","2","3","0%"
"Ryan Borucki","PIT","RP","27.5","27","0","0","1","4.14","1.33","13","26","11","4","27","1","1","0%"
"Cole Sulser","TB","RP","28.0","27","0","0","2","4.18","1.34","13","26","12","4","26","1","1","0%"
"Sam Long","KC","RP","55.1","49","0","0","10","4.26","1.35","26","52","22","7","52","2","3","0%"
"Omar Cruz","SD","RP","21.5","21","0","0","1","4.05","1.34","10","19","9","3","20","1","1","0%"
"Keynan Middleton","","RP","18.4","20","0","0","0","4.09","1.29","8","16","8","2","18","1","1","0%"
"Miguel Castro","HOU","RP","24.6","22","1","0","1","4.36","1.34","12","23","10","3","24","1","1","0%"
"Matt Moore","BOS","RP","31.0","29","0","0","3","4.54","1.40","16","29","14","5","30","2","2","0%"
"Connor Thomas","MIL","RP","43.0","31","0","0","3","4.11","1.33","20","45","12","5","39","2","2","0%"
"Nick Robertson","TOR","RP","39.0","37","0","0","1","4.09","1.33","18","37","15","5","36","2","2","0%"
"Devin Sweet","PHI","RP","23.5","24","0","0","1","4.44","1.33","12","21","10","4","22","1","2","0%"
"Steven Okert","HOU","RP","42.0","45","0","1","6","4.27","1.30","20","37","18","7","42","2","2","0%"
"Luis Guerrero","BOS","RP","43.1","44","0","0","3","4.30","1.40","21","39","21","5","41","2","2","0%"
"Ethan Small","SF","RP","15.2","15","0","0","1","4.05","1.35","7","14","7","2","12","1","1","0%"
"Hunter Strickland","TEX","RP","31.9","27","0","0","2","4.59","1.35","16","30","13","5","31","1","2","0%"
"Ethan Roberts","CHC","RP","30.3","29","0","0","1","4.14","1.33","14","28","12","4","29","1","2","0%"
"Jack Neely","CHC","RP","23.4","26","0","0","1","4.00","1.28","10","21","9","3","23","1","1","0%"
"Josh Walker","TOR","RP","30.3","31","0","0","1","4.05","1.34","14","27","14","4","29","1","1","0%"
"Josh Simpson","MIA","RP","35.1","37","0","0","1","4.08","1.40","16","32","17","4","34","2","2","0%"
"Alek Jacob","SD","RP","41.2","39","0","0","1","4.22","1.33","19","39","16","6","36","2","2","0%"
"Justin Hagenman","NYM","RP","16.9","15","0","0","1","4.53","1.33","9","17","6","3","16","1","1","0%"
"Luis Curvelo","TEX","RP","20.8","19","0","0","1","4.39","1.30","10","19","8","3","20","1","1","0%"
"Yoendrys Gomez","NYY","SP,RP","38.1","36","0","0","3","4.44","1.34","19","34","17","6","30","2","2","0%"
"Tommy Nance","TOR","RP","48.3","44","0","0","7","4.14","1.33","22","47","18","6","46","2","3","0%"
"Jacob Waguespack","TB","SP,RP","40.3","41","0","0","1","4.15","1.35","19","38","16","5","31","2","2","0%"
"Trevor Gott","SEA","RP","14.0","13","0","0","1","4.11","1.25","6","13","4","2","14","1","1","0%"
"Trevor Richards","CHC","RP","26.6","29","0","0","2","4.40","1.33","13","23","12","4","25","1","1","0%"
"Matt Gage","DET","RP","17.9","18","0","0","0","4.07","1.32","8","16","8","2","14","1","1","0%"
"Zach Agnos","COL","","26.6","23","0","0","1","4.72","1.36","14","27","9","4","26","2","2","0%"
"Francis Pena","SD","","23.3","20","0","0","1","4.21","1.37","11","23","9","3","23","1","1","0%"
"Dillon Tate","TOR","RP","35.5","27","0","0","2","4.08","1.29","16","35","11","4","33","2","2","0%"
"Michael Petersen","LAA","RP","36.2","35","0","0","1","4.44","1.35","18","33","16","5","35","2","2","0%"
"Austin Davis","SD","RP","13.6","15","0","0","0","3.96","1.34","6","11","7","1","13","1","1","0%"
"Anthony Misiewicz","MIN","RP","32.2","31","0","0","1","4.34","1.35","16","32","11","4","31","2","2","0%"
"Justin Wilson","BOS","RP","55.4","57","0","0","9","4.28","1.34","26","55","19","8","56","2","3","0%"
"Andrew Wantz","TB","SP,RP","9.9","10","0","0","0","4.50","1.32","5","9","4","2","7","0","0","0%"
"Lou Trivino","SF","RP","45.9","44","0","0","7","4.24","1.37","22","44","19","5","42","3","3","0%"
"Brandon Eisert","CWS","RP","23.8","22","0","0","1","4.04","1.31","11","23","9","3","21","1","1","0%"
"Nate Lavender","TB","RP","23.0","25","0","0","1","4.33","1.44","11","20","13","3","23","1","1","0%"
"Dany Jimenez","ATL","RP","17.8","19","1","0","1","4.72","1.40","9","15","10","3","17","1","1","0%"
"Jacob Barnes","TOR","RP","39.1","34","0","0","1","4.41","1.31","19","38","13","6","36","2","2","0%"
"Zack Thompson","STL","SP","34.4","34","0","0","2","4.22","1.39","16","31","16","4","30","2","2","0%"
"Drew Pomeranz","SEA","RP","14.6","15","0","0","1","3.89","1.28","6","13","6","2","14","0","1","0%"
"Drew Smith","NYM","RP","14.4","15","0","0","3","4.26","1.31","7","13","6","2","14","1","1","0%"
"Riley O'Brien","STL","RP","44.6","45","0","0","2","4.11","1.41","20","40","22","5","41","2","2","0%"
"Jay Jackson","","RP","19.4","20","0","0","0","4.34","1.26","9","18","6","3","16","1","1","0%"
"Huascar Ynoa","MIN","SP,RP","18.7","18","0","0","1","4.46","1.39","9","18","8","3","18","1","1","0%"
"Hayden Harris","ATL","","19.2","21","0","0","1","4.02","1.38","9","17","9","2","20","1","1","0%"
"Mason Englert","TB","RP","41.2","38","0","0","1","4.32","1.28","20","40","13","6","35","2","2","0%"
"Anderson Pilar","ATL","RP","16.8","15","0","0","1","4.13","1.32","8","16","6","2","16","1","1","0%"
"Michael Flynn","TB","RP","19.6","21","0","0","0","4.77","1.32","10","18","8","3","18","1","1","0%"
"Kelvin Caceres","LAA","RP","11.1","13","0","0","0","3.93","1.36","5","9","6","1","9","0","0","0%"
"Logan VanWey","HOU","","32.1","33","0","0","1","4.12","1.40","15","29","16","4","32","2","2","0%"
"Vince Velasquez","CLE","SP","17.8","17","0","0","1","4.33","1.32","9","17","7","3","12","1","1","0%"
"Blake Weiman","HOU","RP","11.2","10","0","0","1","4.37","1.29","5","11","3","2","11","1","1","0%"
"Jose Cisnero","","RP","22.2","24","0","0","0","4.34","1.38","11","20","11","3","21","1","1","0%"
"Eric Orze","TB","RP","39.8","42","0","0","3","4.13","1.35","18","36","18","5","39","2","2","0%"
"Joe La Sorsa","CIN","RP","19.3","14","0","0","0","4.16","1.23","9","19","5","3","16","1","1","0%"
"Nick Vespi","PHI","RP","16.8","15","0","0","0","4.31","1.37","8","15","8","2","16","1","0","0%"
"Shawn Dubin","HOU","RP","28.0","29","0","0","1","4.08","1.39","13","25","14","3","25","1","1","0%"
"Jordan Balazovic","DET","RP","8.6","7","0","0","1","4.23","1.39","4","8","4","1","7","0","0","0%"
"Ronny Henriquez","MIA","RP","46.7","40","0","0","5","4.24","1.36","22","47","16","6","41","2","2","0%"
"Peter Strzelecki","PIT","RP","26.8","24","0","0","2","4.43","1.36","13","26","10","3","26","1","1","0%"
"Tyler Mattison","DET","SP,RP","18.0","18","0","0","1","4.19","1.34","8","16","8","2","18","1","1","0%"
"Vinny Nittoli","MIL","RP","20.1","21","0","0","1","4.60","1.28","10","18","8","4","16","1","1","0%"
"Ricky Vanasco","DET","RP","14.0","14","0","0","1","4.76","1.60","7","12","10","1","14","1","1","0%"
"Ryan Miller","DET","RP","22.0","19","0","0","0","4.43","1.29","11","21","7","3","20","1","1","0%"
"Ian Gibaut","CIN","RP","20.1","19","0","0","1","4.73","1.45","11","19","10","3","19","1","1","0%"
"Andrew Saalfrank","ARI","RP","22.6","21","0","0","1","3.84","1.42","10","21","11","2","22","1","1","0%"
"Shintaro Fujinami","SEA","RP","25.7","28","0","0","1","4.32","1.40","12","21","15","3","25","1","1","0%"
"Jake Diekman","ATL","RP","39.9","46","0","0","2","4.26","1.43","19","33","24","5","39","2","2","0%"
"Nabil Crismatt","PHI","SP,RP","11.7","10","0","0","0","4.71","1.36","6","12","4","2","11","1","1","0%"
"Austin Warren","NYM","RP","14.4","13","0","0","1","4.28","1.36","7","14","6","2","13","1","1","0%"
"Alan Rangel","PHI","SP,RP","21.2","19","0","0","1","4.69","1.35","11","21","8","3","20","1","1","0%"
"Joely Rodriguez","","RP","25.7","22","0","0","2","4.13","1.40","12","26","10","3","25","1","1","0%"
"Phil Bickford","CHC","RP","24.0","26","0","0","0","4.36","1.25","12","21","9","3","21","1","1","0%"
"Grant Wolfram","MIL","RP","21.5","21","0","0","1","4.33","1.42","10","20","11","2","21","1","1","0%"
"Rafael Montero","HOU","RP","46.1","43","1","0","5","4.44","1.38","23","44","19","6","44","2","2","0%"
"Michael Darrell-Hicks","LAA","","15.7","13","0","0","1","4.51","1.36","8","16","5","2","15","1","1","0%"
"Chris Devenski","NYM","RP","21.7","21","0","0","1","4.54","1.29","11","20","8","4","20","1","1","0%"
"Chasen Shreve","ATL","RP","13.1","13","0","0","1","4.46","1.30","6","12","5","2","12","1","1","0%"
"Scott Blewett","MIN","RP","32.7","26","0","0","1","4.66","1.41","17","34","12","5","29","2","2","0%"
"Mason Thompson","WSH","RP","38.0","31","0","0","3","4.36","1.39","18","38","15","4","36","2","2","0%"
"Tom Cosgrove","SD","RP","38.7","37","0","0","2","4.28","1.33","18","35","16","5","39","2","2","0%"
"Luis Patino","SD","RP","14.2","12","0","0","1","4.43","1.37","7","13","6","2","11","1","1","0%"
"John McMillon","PHI","RP","30.4","33","0","0","2","4.48","1.48","15","26","19","4","29","2","2","0%"
"Zach Penrod","BOS","SP,RP","16.8","18","0","0","2","4.23","1.42","8","15","9","2","19","1","1","0%"
"Blake Walston","ARI","SP,RP","31.4","27","0","0","1","4.35","1.40","15","31","13","4","25","2","2","0%"
"Adam Cimber","","RP","24.2","18","0","0","1","4.62","1.36","12","25","8","3","24","1","1","0%"
"Dietrich Enns","DET","RP","16.9","15","0","0","1","5.15","1.47","10","18","7","3","16","1","1","0%"
"Kade Strowd","BAL","","24.2","23","0","0","2","4.21","1.42","11","23","11","3","24","1","1","0%"
"Luarbert Arias","MIA","RP","32.6","30","0","0","1","4.44","1.35","16","31","13","5","31","2","2","0%"
"JB Bukauskas","MIL","RP","14.6","14","0","0","0","4.35","1.43","7","13","8","2","13","1","1","0%"
"Amir Garrett","TOR","RP","20.9","25","0","0","0","4.48","1.40","10","17","12","3","22","1","1","0%"
"Casey Legumina","SEA","RP","30.6","27","0","0","1","4.46","1.35","15","30","11","4","29","2","2","0%"
"Jeff Brigham","ARI","RP","16.6","17","0","0","1","4.48","1.38","8","15","8","3","16","1","1","0%"
"Josh Staumont","CIN","RP","26.2","26","0","0","1","4.47","1.42","13","23","14","3","25","1","1","0%"
"Ray Kerr","ATL","RP","9.4","11","0","0","1","4.03","1.35","4","9","4","1","7","0","0","0%"
"Steven Cruz","KC","RP","38.0","36","0","0","1","4.22","1.41","18","35","19","4","36","2","2","0%"
"Tyler Owens","DET","","22.9","18","0","0","1","4.45","1.38","11","23","8","3","22","1","1","0%"
"Josh Winder","ARI","RP","19.8","17","0","0","0","4.36","1.34","10","20","6","2","10","1","1","0%"
"Yerry De Los Santos","NYY","RP","26.8","22","0","0","1","4.14","1.34","12","26","10","3","26","1","1","0%"
"Genesis Cabrera","NYM","RP","45.6","42","0","1","4","4.32","1.36","22","42","20","6","45","2","2","0%"
"Rob Zastryzny","NYY","RP","16.1","16","0","0","0","4.62","1.37","8","15","7","2","15","1","0","0%"
"Zach Pop","TOR","RP","49.6","39","0","1","8","4.18","1.34","23","49","18","5","49","2","3","0%"
"Chris Roycroft","STL","RP","45.7","38","0","0","3","4.14","1.42","21","44","21","4","42","2","3","0%"
"Rolddy Munoz","ATL","","20.1","19","0","0","1","4.28","1.43","10","20","9","3","20","1","1","0%"
"Gavin Hollowell","CHC","RP","9.0","9","0","0","1","4.39","1.35","4","8","4","1","9","0","0","0%"
"J.B. Wendelken","SD","RP","18.2","16","0","0","1","4.30","1.38","9","17","8","2","18","1","1","0%"
"Patrick Murphy","TEX","RP","24.0","23","0","0","1","4.29","1.42","11","23","11","3","24","1","1","0%"
"Andrew Alvarez","WSH","","7.6","5","0","0","0","4.05","1.40","3","8","3","1","3","0","1","0%"
"Clay Helvey","WSH","RP","19.6","22","0","0","0","4.43","1.41","10","17","11","2","18","1","1","0%"
"T.J. McFarland","ATH","RP","58.5","42","0","1","12","4.19","1.36","27","60","20","6","59","3","3","0%"
"Justin King","MIA","","7.9","8","0","0","1","4.44","1.47","4","7","4","1","8","0","0","0%"
"Victor Gonzalez","LAA","RP","22.3","17","0","0","1","4.43","1.43","11","22","10","3","21","1","1","0%"
"Gerson Garabito","TEX","RP","26.2","24","0","0","1","4.41","1.33","13","25","10","4","23","1","1","0%"
"Elvis Alvarado","ATH","RP","20.1","20","0","0","1","4.43","1.44","10","18","11","2","19","1","1","0%"
"Stephen Kolek","SD","RP","60.6","49","0","0","1","4.30","1.38","29","61","23","6","34","3","3","0%"
"Sean Reynolds","SD","RP","44.6","46","0","0","6","4.28","1.42","21","41","23","5","42","2","2","0%"
"Easton Lucas","TOR","RP","25.8","23","0","0","1","4.29","1.37","12","24","11","3","23","1","1","0%"
"Alex Young","CIN","RP","14.5","13","0","0","1","4.71","1.40","8","14","6","2","14","1","1","0%"
"Alex Speas","MIN","RP","9.8","11","0","0","1","4.44","1.50","5","8","7","1","9","1","1","0%"
"Kyle Leahy","STL","RP","53.9","43","0","0","7","4.44","1.38","27","55","20","7","47","3","3","0%"
"Colten Brewer","NYY","RP","23.4","22","0","0","1","4.50","1.37","12","22","10","3","22","1","1","0%"
"Grant Hartwig","NYM","RP","17.5","16","0","0","0","4.53","1.48","9","16","10","2","14","1","0","0%"
"Taylor Clarke","KC","SP,RP","11.6","10","0","0","2","4.38","1.33","6","12","4","2","10","0","1","0%"
"Matt Bowman","BAL","RP","19.3","16","0","0","1","4.37","1.36","9","19","8","2","17","1","1","0%"
"Ben Heller","CHC","RP","13.4","17","0","0","0","4.70","1.34","7","12","6","2","11","0","1","0%"
"Randy Dobnak","MIN","SP,RP","10.5","8","0","0","1","4.34","1.41","5","10","4","1","8","0","0","0%"
"Joey Lucchesi","SF","SP,RP","17.7","12","0","0","1","4.38","1.46","9","19","7","2","13","1","1","0%"
"Brent Honeywell Jr.","","RP","30.3","21","0","0","0","4.71","1.41","16","31","12","5","20","1","1","0%"
"Chris Murphy","BOS","RP","9.8","9","0","0","1","4.33","1.39","5","9","4","1","7","0","0","0%"
"Dylan Dodd","ATL","SP","27.1","22","0","0","1","4.60","1.37","14","29","8","4","23","1","1","0%"
"Jacob Latz","TEX","RP","48.3","49","0","1","4","4.33","1.40","23","43","25","7","47","2","2","0%"
"Geoff Hartlieb","NYY","RP","16.0","14","0","0","1","4.50","1.39","8","16","7","2","15","1","1","0%"
"Ryan Loutos","STL","RP","31.7","27","0","0","1","4.28","1.40","15","32","13","3","32","2","1","0%"
"Max Kranick","NYM","RP","38.5","32","0","0","4","4.36","1.31","19","37","13","6","35","2","2","0%"
"Jimmy Herget","COL","RP","44.1","38","0","0","3","4.58","1.35","22","46","14","7","40","2","2","0%"
"Joe Jacques","LAD","RP","13.1","10","0","0","1","4.15","1.41","6","13","5","1","12","1","1","0%"
"Tim Mayza","PIT","RP","49.5","37","0","0","5","4.20","1.40","23","52","17","5","50","2","2","0%"
"Tyler Jay","MIL","RP","13.2","12","0","0","0","4.14","1.38","6","13","5","1","9","1","0","0%"
"Domingo German","","SP,RP","33.2","28","0","0","0","4.91","1.29","18","31","12","5","7","1","2","0%"
"Jonathan Bowlan","KC","SP,RP","32.3","26","0","0","1","4.44","1.35","16","33","10","4","29","2","2","0%"
"Hogan Harris","ATH","SP,RP","42.9","39","0","0","1","4.42","1.41","21","40","20","6","36","2","2","0%"
"Sean Newcomb","BOS","RP","11.9","11","0","0","1","4.86","1.54","6","11","7","2","10","0","1","0%"
"Brad Keller","CHC","RP","23.6","18","0","0","1","4.44","1.43","12","24","10","3","18","1","1","0%"
"Jhonathan Diaz","SEA","SP","10.5","9","0","0","0","4.24","1.39","5","10","4","1","4","0","1","0%"
"Tejay Antone","CIN","RP","10.2","9","0","0","1","4.57","1.40","5","10","4","1","11","0","0","0%"
"Jose Urena","NYM","SP,RP","19.2","14","0","0","2","4.55","1.40","10","20","7","3","15","1","1","0%"
"Brandon Hughes","CHC","RP","14.4","15","0","0","0","4.33","1.31","7","13","6","2","14","1","1","0%"
"Jose Cuas","PHI","RP","10.4","10","0","0","1","4.48","1.44","5","10","5","1","10","0","1","0%"
"Shaun Anderson","LAA","SP,RP","9.5","7","0","0","1","4.46","1.37","5","10","3","1","7","0","0","0%"
"Daniel Bard","","RP","26.9","26","0","0","1","4.61","1.48","14","24","15","3","26","2","2","0%"
"Connor Seabold","TB","SP,RP","12.8","11","0","0","0","4.89","1.30","7","13","4","2","8","1","1","0%"
"Chase Shugart","PIT","RP","20.6","17","0","0","1","4.53","1.41","10","21","8","2","19","1","1","0%"
"Connor Brogdon","LAA","RP","30.6","32","0","0","1","4.51","1.35","15","29","13","5","28","1","2","0%"
"Jake Eder","CWS","SP","14.3","12","0","0","1","4.84","1.51","8","14","7","2","12","1","1","0%"
"Yohan Ramirez","PIT","RP","23.1","22","0","0","1","4.24","1.39","11","21","11","2","22","1","1","0%"
"Sammy Peralta","","RP","12.3","11","0","0","0","5.00","1.51","7","12","7","2","8","1","1","0%"
"Tommy Doyle","COL","RP","10.9","9","0","0","1","4.93","1.49","6","12","5","2","10","1","1","0%"
"Bruce Zimmermann","MIL","SP,RP","8.7","8","0","0","1","4.41","1.31","4","9","2","1","5","0","0","0%"
"Sam Bachman","LAA","SP","33.4","26","0","0","2","4.64","1.44","17","33","15","4","30","2","2","0%"
"Steven Wilson","CWS","RP","36.3","36","0","0","2","4.82","1.40","19","32","19","6","35","2","2","0%"
"Josh Fleming","SEA","RP","18.1","11","0","0","1","4.21","1.35","8","19","5","2","12","1","1","0%"
"Albert Abreu","CIN","RP","16.8","16","0","0","1","4.84","1.49","9","16","9","2","16","1","1","0%"
"Tim Hill","NYY","RP","62.5","36","0","0","10","4.15","1.38","29","68","19","6","60","3","2","0%"
"Chris Flexen","CHC","SP","20.9","17","0","0","1","4.68","1.41","11","22","7","3","13","1","1","0%"
"Jimmy Lambert","","SP","15.3","15","0","0","0","5.11","1.50","9","15","8","3","13","1","1","0%"
"Ryder Ryan","PIT","RP","15.3","12","0","0","0","5.10","1.49","9","16","7","3","14","1","1","0%"
"Cody Bolton","SEA","RP","32.2","31","0","0","1","4.06","1.34","15","29","14","4","30","1","2","0%"
"Scott McGough","ARI","RP","21.0","20","0","0","2","4.61","1.43","11","20","10","3","20","1","1","0%"
"Xzavion Curry","MIA","SP,RP","24.3","18","0","0","1","4.94","1.38","13","26","8","5","19","1","2","0%"
"Kirby Snead","","RP","7.8","6","0","0","0","4.52","1.49","4","8","3","1","7","0","0","0%"
"Burch Smith","PIT","RP","25.3","21","0","0","1","4.50","1.37","13","25","9","3","22","1","1","0%"
"Amos Willingham","ATL","RP","33.6","29","0","0","1","4.47","1.39","17","34","13","5","32","2","2","0%"
"Parker Mushinski","CLE","RP","14.4","13","0","0","1","4.46","1.42","7","14","7","1","13","0","1","0%"
"Carlos Hernandez","KC","RP","44.3","43","0","1","2","4.38","1.35","22","41","19","5","41","2","2","0%"
"Bailey Horn","DET","RP","14.6","14","0","0","1","4.73","1.50","8","14","8","2","14","1","1","0%"
"Connor Gillispie","MIA","SP,RP","37.5","32","0","0","1","4.64","1.39","19","37","15","6","33","2","2","0%"
"Kyle Nicolas","PIT","RP","47.4","47","0","0","4","4.32","1.43","23","43","24","5","44","2","2","0%"
"Casey Lawrence","SEA","SP","11.0","7","0","0","1","4.91","1.36","6","12","3","2","11","1","1","0%"
"Jackson Kowar","SEA","RP","27.6","27","0","0","1","4.41","1.40","14","26","13","3","25","1","2","0%"
"Eric Cerantola","KC","","13.4","13","0","0","1","4.51","1.48","7","12","7","1","13","1","0","0%"
"Dane Acker","TEX","SP,RP","9.9","8","0","0","0","4.97","1.44","5","10","4","1","4","0","1","0%"
"Tyler Gilbert","CWS","RP","50.3","43","0","0","6","4.48","1.35","25","52","16","7","44","2","3","0%"
"Nick Nelson","","RP","12.7","11","0","0","0","4.67","1.49","7","13","6","1","9","1","0","0%"
"Joel Kuhnel","PHI","RP","15.7","11","0","0","0","4.44","1.31","8","16","4","2","12","1","1","0%"
"Jesse Scholtens","CWS","SP,RP","8.8","7","0","0","0","5.41","1.52","5","10","4","2","2","0","1","0%"
"Jack O'Loughlin","COL","SP,RP","12.0","9","0","0","1","5.48","1.64","7","14","6","2","8","0","1","0%"
"Yosver Zulueta","CIN","RP","41.0","41","0","0","2","4.27","1.45","19","39","21","4","37","2","2","0%"
"Jonathan Hernandez","TB","RP","24.1","22","0","0","1","4.46","1.45","12","23","12","3","23","1","1","0%"
"Matt Barnes","","RP","24.6","21","0","0","1","4.56","1.41","12","24","10","3","24","1","2","0%"
"Dominic Leone","","RP","23.5","24","0","0","1","4.88","1.45","13","22","12","4","23","1","1","0%"
"Ross Stripling","KC","SP,RP","24.9","17","0","0","1","4.71","1.36","13","28","6","3","13","1","1","0%"
"Tyler Matzek","NYY","RP","34.2","32","0","0","2","4.61","1.42","18","32","16","5","32","1","1","0%"
"Garrett McDaniels","LAA","","48.1","41","0","0","5","4.41","1.44","24","48","21","6","46","2","2","0%"
"Dan Altavilla","CWS","RP","20.5","19","0","0","1","4.58","1.43","10","20","10","3","21","1","1","0%"
"Dylan Covey","ATL","RP","18.6","14","0","0","0","4.58","1.46","9","20","7","2","13","1","1","0%"
"Joey Wentz","PIT","RP","57.8","56","0","0","8","4.38","1.37","28","55","24","7","49","3","3","0%"
"Carson Fulmer","PIT","SP,RP","26.9","23","0","0","1","4.55","1.45","14","26","14","3","14","1","1","0%"
"Deivi Garcia","MIL","RP","19.8","21","0","0","0","5.14","1.50","11","18","12","3","16","1","1","0%"
"Janson Junk","MIA","SP,RP","20.3","15","0","0","1","4.71","1.39","11","22","6","3","18","1","1","0%"
"Luis Frias","CLE","RP","17.9","18","0","0","1","4.48","1.43","9","17","9","2","17","1","1","0%"
"Tyler Zuber","NYM","RP","32.0","31","0","0","1","4.74","1.40","17","30","15","5","30","2","2","0%"
"Thaddeus Ward","BAL","SP","15.8","13","0","0","1","4.73","1.55","8","15","9","2","14","1","1","0%"
"Allan Winans","NYY","SP,RP","23.6","18","0","0","1","4.48","1.30","12","24","7","4","13","1","1","0%"
"Chad Kuhl","ATL","RP","7.7","6","0","0","0","5.34","1.56","5","8","4","1","4","0","0","0%"
"Lyon Richardson","CIN","SP,RP","14.4","13","0","0","1","4.64","1.48","7","14","7","2","10","1","1","0%"
"Will Klein","SEA","RP","24.9","25","0","0","1","4.49","1.50","12","22","15","3","24","1","1","0%"
"Guillo Zuniga","PHI","RP","18.3","15","0","0","1","4.93","1.42","10","18","8","3","17","1","1","0%"
"Alex Wood","","SP","51.0","42","0","0","0","4.71","1.41","27","53","19","7","12","3","4","0%"
"Kolby Allard","CLE","SP,RP","23.7","20","0","0","1","4.84","1.42","13","25","8","4","18","1","1","0%"
"Brandon Bielak","ARI","RP","13.0","9","0","0","0","5.00","1.52","7","14","5","2","6","0","1","0%"
"Chris Stratton","KC","RP","56.5","46","1","1","7","4.61","1.43","29","56","24","7","53","3","3","0%"
"John Curtiss","ARI","RP","21.0","16","0","0","1","4.82","1.41","11","22","7","3","20","1","1","0%"
"Luis Peralta","COL","RP","58.0","59","1","0","10","4.61","1.49","30","56","30","7","55","2","3","0%"
"Lake Bachar","MIA","RP","51.9","48","0","0","10","4.60","1.41","27","52","22","8","49","2","3","0%"
"Michael Arias","NYY","RP","16.2","15","0","0","1","5.44","1.78","10","15","14","2","16","1","1","0%"
"Kenny Rosenberg","","SP","23.6","19","0","0","0","5.10","1.45","13","24","10","5","6","1","1","0%"
"Dylan Coleman","BAL","RP","18.3","19","0","0","1","4.55","1.51","9","16","12","2","18","1","1","0%"
"Paolo Espino","","SP","5.6","3","0","0","0","6.52","1.60","4","7","2","1","2","0","0","0%"
"Sixto Sanchez","","SP,RP","22.8","14","0","0","0","4.06","1.33","10","24","7","2","6","1","1","0%"
"Christian Roa","MIA","RP","14.0","14","0","0","0","4.58","1.56","7","14","8","2","10","1","1","0%"
"Matt Sauer","LAD","RP","22.0","18","0","0","1","4.74","1.39","12","22","9","3","21","1","1","0%"
"Jake Woodford","COL","SP","17.7","13","0","0","1","5.04","1.49","10","20","6","3","11","1","1","0%"
"Tanner Rainey","PIT","RP","41.9","38","1","0","2","4.93","1.45","23","40","21","6","40","1","2","0%"
"Orlando Ribalta","WSH","RP","37.5","35","0","0","2","4.75","1.47","20","36","20","5","38","2","2","0%"
"Yerry Rodriguez","","RP","14.7","14","0","0","0","5.31","1.60","9","15","9","2","14","1","1","0%"
"Jefry Yan","COL","","29.3","30","0","0","1","4.83","1.54","16","29","16","4","26","1","1","0%"
"Anthony Maldonado","ATH","RP","29.3","26","0","0","0","4.91","1.49","16","29","15","5","25","2","2","0%"
"Griff McGarry","PHI","RP","15.7","16","0","0","1","4.77","1.60","8","14","11","2","16","1","1","0%"
"Noah Davis","BOS","RP","6.9","5","0","0","0","5.78","1.60","4","8","3","1","2","0","0","0%"
"Michael Mercado","PHI","SP,RP","31.1","27","0","0","1","4.88","1.44","17","31","14","5","26","2","2","0%"
"Brett de Geus","MIA","RP","27.9","20","0","0","1","4.60","1.46","14","30","11","3","27","1","2","0%"
"Ken Waldichuk","ATH","SP,RP","29.3","30","0","0","0","4.98","1.42","16","28","13","5","6","1","2","0%"
"Noah Murdock","ATH","RP","45.5","39","0","0","3","4.53","1.51","23","43","26","5","43","2","2","0%"
"Jordan Weems","ATL","RP","34.4","33","0","0","1","4.94","1.46","19","33","17","5","31","1","1","0%"
"Bryan Shaw","CIN","RP","19.2","16","0","0","1","5.02","1.56","11","20","10","3","19","1","1","0%"
"Bryce Jarvis","ARI","RP","48.6","38","0","0","2","4.75","1.48","26","49","23","7","42","2","2","0%"
"Diego Castillo","COL","RP","37.9","32","0","0","3","4.91","1.53","21","39","19","5","36","1","2","0%"
"Anthony Molina","COL","RP","21.8","15","0","0","1","4.81","1.43","12","24","7","3","19","1","1","0%"
"Anthony Veneziano","MIA","RP","51.1","42","0","0","7","4.50","1.41","26","53","19","7","44","2","3","0%"
"Darren McCaughan","MIN","SP,RP","23.5","18","0","0","0","5.42","1.45","14","26","8","5","6","1","1","0%"
"Jared Shuster","CWS","RP","54.1","41","0","0","2","4.69","1.41","28","55","22","8","39","2","3","0%"
"Owen White","CWS","SP,RP","14.6","11","0","0","1","5.05","1.48","8","15","6","2","13","0","1","0%"
"Eduardo Salazar","WSH","RP","48.8","37","0","0","6","4.50","1.44","24","51","20","5","44","2","3","0%"
"Jeff Criswell","COL","RP","23.0","25","0","0","0","5.46","1.57","14","25","11","4","16","1","1","0%"
"Victor Mederos","LAA","SP","23.7","18","0","0","1","5.05","1.52","13","25","11","3","21","1","2","0%"
"Joan Adon","WSH","SP,RP","19.3","15","0","0","0","5.55","1.59","12","20","10","3","12","1","1","0%"
"Kai-Wei Teng","SF","SP,RP","16.1","14","0","0","0","5.33","1.61","10","17","9","2","10","1","1","0%"
"Yunior Marte","","RP","29.5","27","0","1","1","4.94","1.50","16","30","14","4","25","1","1","0%"
"Lucas Gilbreath","COL","RP","42.8","39","0","0","2","4.91","1.54","23","44","22","5","41","2","2","0%"
"Evan Justice","COL","RP","34.8","33","0","0","1","5.31","1.68","21","35","24","4","34","1","2","0%"
"Adam Oller","","SP","34.0","28","0","0","0","5.51","1.53","21","36","16","6","12","1","3","0%"
"Kyle Muller","","RP","52.2","42","0","0","2","5.10","1.48","30","56","21","9","13","2","3","0%"
"Carlos Vargas","SEA","RP","43.4","37","0","0","3","3.96","1.36","19","42","17","5","42","2","2","0%"
"Hagen Danner","SEA","RP","23.8","24","0","0","1","3.86","1.25","10","21","8","3","24","1","1","0%"
"Jack Dashwood","LAA","","37.2","34","0","0","2","4.44","1.33","18","37","13","6","36","2","2","0%"
"Mike Baumann","","RP","38.3","37","0","0","1","4.40","1.39","19","35","18","4","33","2","1","0%"
"Austin Adams","BOS","RP","26.1","31","0","0","2","4.30","1.36","12","22","13","3","27","1","1","0%"
"Luis Gonzalez","BAL","","28.6","27","0","0","1","4.43","1.34","14","28","10","4","28","1","1","0%"
"Jake Bird","COL","RP","59.1","50","1","1","8","4.61","1.47","30","62","25","7","54","2","4","0%"
"Matt Krook","ATH","RP","16.0","16","0","0","1","4.21","1.45","7","14","9","2","16","1","1","0%"
"Bradgley Rodriguez","SD","","22.5","21","0","0","1","4.44","1.42","11","21","11","3","22","1","1","0%"
"Braydon Fisher","TOR","RP","18.0","18","0","0","1","4.50","1.45","9","16","10","2","18","1","1","0%"
"Antonio Jimenez","SF","","19.8","15","0","0","1","4.47","1.41","10","20","8","2","20","1","1","0%"
"Matt Pushard","MIA","","19.3","16","0","0","1","4.55","1.41","10","19","8","3","19","1","1","0%"
"Joey Gerber","TB","RP","19.0","18","0","0","1","4.63","1.44","10","19","9","3","19","1","1","0%"
"Andre Granillo","STL","RP","16.1","15","0","0","1","4.60","1.45","8","15","8","2","16","1","1","0%"
"Cole Henry","WSH","SP,RP","44.9","38","0","0","3","4.91","1.44","25","43","22","7","42","2","3","0%"
"Josh Ekness","MIA","","12.8","12","0","0","1","4.70","1.45","7","12","6","2","13","1","1","0%"
"Matt Svanson","STL","","22.8","16","0","0","1","4.51","1.44","11","24","9","3","23","1","1","0%"
"Jonathan Heasley","CWS","RP","21.4","16","0","0","1","4.86","1.39","12","23","7","3","19","1","1","0%"
"Joel Peguero","SF","RP","15.5","11","0","0","1","4.62","1.50","8","16","7","2","16","1","1","0%"
"Ryan Cusick","ATH","SP,RP","14.0","11","0","0","1","5.03","1.53","8","14","8","2","14","1","1","0%"
"Andrew Moore","CIN","RP","28.3","30","0","0","1","4.86","1.54","15","26","17","4","28","1","2","0%"
"Rodolfo Martinez","BAL","","18.0","17","0","0","0","5.00","1.44","10","18","8","3","18","0","0","0%"
"Juan Mejia","COL","RP","20.4","18","0","0","1","5.00","1.58","11","21","11","3","21","1","1","0%"
"Jacob Wallace","KC","RP","11.6","10","0","0","1","4.85","1.53","6","11","7","1","12","0","1","0%"
"Tanner Dodson","ATH","CF,RP","10.8","8","0","0","1","4.79","1.60","6","11","6","1","11","0","1",""
""
""