"Player","Team","Positions","IP","K","W","L","ERA","WHIP","ER","H","BB","HR","G","GS","QS","CG","Rost%"
"Tarik Skubal","DET","SP","190.4","221","14","8","2.88","1.01","61","150","41","18","31","31","20","0","100%"
"Paul Skenes","PIT","SP","172.0","211","12","7","2.83","1.05","54","133","48","15","30","30","19","0","100%"
"Zack Wheeler","PHI","SP","197.2","210","14","8","3.30","1.08","72","162","51","22","31","31","19","0","100%"
"Logan Gilbert","SEA","SP","195.2","201","13","9","3.39","1.06","74","164","42","24","31","31","19","1","100%"
"Garrett Crochet","BOS","SP","153.6","200","12","7","3.14","1.09","54","122","46","16","30","30","16","0","100%"
"Chris Sale","ATL","SP","170.0","207","13","7","3.12","1.08","59","140","44","17","29","29","18","0","100%"
"Corbin Burnes","ARI","SP","187.8","185","13","8","3.53","1.16","74","164","54","20","31","31","18","0","100%"
"Cole Ragans","KC","SP","179.5","204","12","9","3.52","1.20","70","149","67","19","31","31","17","1","100%"
"Dylan Cease","SD","SP","184.3","217","13","9","3.50","1.17","72","146","68","21","31","31","18","1","100%"
"Blake Snell","LAD","SP","159.0","207","12","6","3.34","1.17","59","117","70","17","29","29","16","1","100%"
"Shohei Ohtani","LAD","DH,SP","114.3","133","8","5","3.43","1.13","44","90","39","14","20","20","11","0","100%"
"Yoshinobu Yamamoto","LAD","SP","159.4","167","12","6","3.37","1.10","60","135","41","17","27","27","15","1","99%"
"Michael King","SD","SP","172.3","186","12","9","3.58","1.21","69","148","61","20","30","30","16","0","97%"
"Framber Valdez","HOU","SP","186.4","178","13","8","3.34","1.19","69","162","60","16","29","29","18","2","99%"
"Pablo Lopez","MIN","SP","189.8","199","12","10","3.70","1.16","78","173","47","24","31","31","17","0","99%"
"Jacob deGrom","TEX","SP","120.2","158","9","5","2.96","0.94","40","89","24","14","23","23","14","0","91%"
"Shota Imanaga","CHC","SP","171.4","170","11","8","3.64","1.12","69","155","37","25","29","29","16","1","97%"
"Logan Webb","SF","SP","198.3","168","13","9","3.39","1.18","75","189","44","15","31","31","19","1","96%"
"Aaron Nola","PHI","SP","188.0","185","12","9","3.85","1.16","80","174","45","26","31","31","17","1","99%"
"George Kirby","SEA","SP","158.4","148","11","8","3.47","1.07","61","146","23","20","27","27","15","0","97%"
"Tyler Glasnow","LAD","SP","138.7","171","10","5","3.28","1.06","51","107","40","16","24","24","14","0","94%"
"Bryce Miller","SEA","SP","173.4","165","11","9","3.74","1.13","72","151","45","24","30","30","16","0","92%"
"Luis Castillo","SEA","SP","181.9","184","12","10","3.65","1.16","74","160","52","23","31","31","17","0","98%"
"Tanner Bibee","CLE","SP","169.9","176","11","9","3.67","1.16","69","150","47","22","29","29","16","0","91%"
"Max Fried","NYY","SP","174.2","163","12","8","3.34","1.17","65","153","50","17","29","29","17","2","99%"
"Spencer Schwellenbach","ATL","SP","163.8","157","12","8","3.66","1.15","67","150","38","20","29","29","16","0","86%"
"Freddy Peralta","MIL","SP","169.2","193","11","9","3.74","1.18","70","138","61","23","30","30","16","0","92%"
"Bailey Ober","MIN","SP","171.1","176","11","9","3.92","1.12","75","151","42","26","29","29","15","1","93%"
"Hunter Brown","HOU","SP","169.7","177","12","9","3.70","1.24","70","152","59","19","29","29","16","0","88%"
"Joe Ryan","MIN","SP","161.2","176","10","8","3.74","1.08","67","138","37","23","28","28","15","0","94%"
"Hunter Greene","CIN","SP","164.0","189","10","8","3.83","1.16","70","131","59","22","28","28","15","0","91%"
"Roki Sasaki","LAD","SP","133.2","160","10","6","3.51","1.12","52","108","41","16","23","23","13","1","91%"
"Sonny Gray","STL","SP","174.2","184","12","8","3.53","1.15","68","152","48","19","29","29","17","0","97%"
"Zac Gallen","ARI","SP","170.5","170","12","8","3.74","1.21","71","154","52","19","29","29","16","0","93%"
"Spencer Strider","ATL","SP","119.8","160","9","5","3.35","1.09","45","92","39","14","21","21","12","0","80%"
"Shane McClanahan","TB","SP","146.2","157","9","7","3.45","1.14","56","124","43","18","30","25","14","0","63%"
"Justin Steele","CHC","SP","169.4","163","11","8","3.49","1.17","66","152","46","18","29","29","16","1","91%"
"Bryan Woo","SEA","SP","138.0","129","9","7","3.64","1.09","56","121","30","18","26","26","13","0","60%"
"Jared Jones","PIT","SP","158.8","165","9","9","3.97","1.23","70","142","53","21","32","28","14","0","82%"
"Jack Flaherty","DET","SP","161.0","176","10","9","3.73","1.20","67","143","50","21","29","29","15","0","88%"
"Carlos Rodon","NYY","SP","166.8","186","11","9","4.02","1.18","75","143","55","26","30","30","15","0","84%"
"Sandy Alcantara","MIA","SP","172.4","149","10","9","3.72","1.19","71","163","42","19","28","28","15","3","72%"
"Kodai Senga","NYM","SP","155.0","170","10","7","3.66","1.25","63","128","66","18","31","27","14","1","85%"
"Kevin Gausman","TOR","SP","185.6","183","12","10","3.94","1.23","81","174","54","24","31","31","17","1","89%"
"Cristopher Sanchez","PHI","SP","170.5","147","11","8","3.64","1.22","69","163","46","17","29","29","16","1","80%"
"Grayson Rodriguez","BAL","SP","138.0","148","9","7","3.66","1.20","56","122","43","17","24","24","13","0","75%"
"Seth Lugo","KC","SP","185.4","160","12","10","3.99","1.24","82","180","50","22","31","31","16","1","82%"
"Reynaldo Lopez","ATL","SP","161.5","170","11","7","3.68","1.21","66","141","55","19","30","30","15","0","66%"
"Yusei Kikuchi","LAA","SP","168.2","188","10","9","3.92","1.22","73","154","51","25","30","30","15","0","81%"
"Robbie Ray","SF","SP","145.8","162","9","8","3.96","1.21","64","126","50","21","27","27","13","0","18%"
"Ryan Pepiot","TB","SP","152.3","160","10","9","3.90","1.21","66","129","54","22","29","29","14","0","16%"
"Zach Eflin","BAL","SP","170.7","142","11","9","3.87","1.16","73","169","29","23","29","29","15","0","45%"
"Brandon Pfaadt","ARI","SP","149.9","148","9","8","3.98","1.19","66","144","35","21","31","26","13","0","79%"
"Nathan Eovaldi","TEX","SP","166.6","158","10","9","3.87","1.19","72","152","46","22","28","28","15","1","28%"
"Nick Pivetta","SD","SP","153.6","173","10","9","3.95","1.17","67","132","48","24","27","27","14","0","55%"
"Tanner Houck","BOS","SP","177.2","156","11","9","3.85","1.25","76","168","54","17","36","29","15","1","78%"
"Taj Bradley","TB","SP","159.7","170","10","10","3.96","1.21","70","141","52","23","29","29","15","0","62%"
"Shane Baz","TB","SP","141.8","132","8","8","4.19","1.27","66","129","52","20","32","25","12","0","22%"
"MacKenzie Gore","WSH","SP","164.7","174","10","10","3.96","1.29","72","150","62","20","31","31","15","0","36%"
"Spencer Arrighetti","HOU","SP","142.1","151","9","8","4.30","1.32","68","127","60","20","26","26","12","0","11%"
"Bowden Francis","TOR","SP,RP","151.4","139","9","8","4.13","1.17","70","137","40","25","32","26","12","0","64%"
"Clarke Schmidt","NYY","SP","141.7","141","9","7","3.93","1.24","62","129","47","18","30","26","12","0","17%"
"Sean Manaea","NYM","SP","154.5","155","10","8","4.13","1.23","71","136","53","22","27","27","13","0","61%"
"Yu Darvish","SD","SP","150.2","144","10","9","4.10","1.19","68","137","42","22","27","27","13","0","14%"
"Jose Berrios","TOR","SP","189.8","161","11","11","4.22","1.25","89","184","54","28","31","31","16","1","66%"
"Nick Lodolo","CIN","SP","132.2","143","8","8","4.07","1.24","60","121","43","17","24","24","12","0","10%"
"Gavin Williams","CLE","SP","136.1","138","8","8","3.94","1.26","60","120","52","17","26","26","13","0","12%"
"Jesus Luzardo","PHI","SP","148.2","152","9","7","4.05","1.23","67","132","50","21","33","25","12","0","12%"
"Brandon Woodruff","MIL","SP","137.8","151","9","7","3.61","1.13","55","118","38","19","24","24","13","1","37%"
"Ronel Blanco","HOU","SP","162.4","161","10","9","4.11","1.29","74","141","68","24","29","29","14","1","69%"
"Ranger Suarez","PHI","SP","163.3","147","11","8","3.71","1.25","67","154","51","17","35","28","14","1","35%"
"Jeffrey Springs","ATH","SP","131.8","130","8","7","3.95","1.22","58","123","38","19","30","25","12","0","5%"
"Reese Olson","DET","SP","141.0","130","8","8","3.94","1.24","62","129","45","16","27","27","13","0","8%"
"Walker Buehler","BOS","SP","138.4","119","7","8","4.50","1.35","69","142","45","19","32","25","10","0","31%"
"Michael Wacha","KC","SP","162.1","139","10","9","4.10","1.25","74","155","48","22","29","29","14","0","15%"
"Max Scherzer","TOR","SP","115.4","120","7","6","3.83","1.13","49","100","30","18","24","21","10","0","21%"
"Merrill Kelly","ARI","SP","153.3","137","10","8","4.08","1.27","70","145","49","21","26","26","14","0","15%"
"Nestor Cortes Jr.","MIL","SP","144.4","141","8","7","3.90","1.17","63","131","38","22","36","23","11","0","26%"
"Kumar Rocker","TEX","SP","113.1","118","6","6","3.69","1.19","46","100","34","14","26","22","11","0","6%"
"Mitch Keller","PIT","SP","178.9","164","10","11","4.20","1.28","84","176","54","22","30","30","15","1","70%"
"Kutter Crawford","BOS","SP","124.9","119","7","7","4.32","1.21","60","115","36","20","39","17","8","0","6%"
"Drew Rasmussen","TB","SP,RP","113.0","111","7","5","3.42","1.14","43","101","28","12","37","17","8","0","6%"
"Luis Severino","ATH","SP","172.8","151","9","10","4.30","1.29","83","166","57","24","30","30","15","1","17%"
"Chris Bassitt","TOR","SP","176.7","162","11","10","4.17","1.29","82","168","61","23","31","31","15","0","28%"
"Luis Gil","NYY","SP","99.5","111","6","5","4.04","1.29","45","80","48","13","23","18","8","0","52%"
"Ryan Weathers","MIA","SP","137.1","120","7","9","4.44","1.37","68","137","50","19","27","26","11","0","2%"
"David Festa","MIN","SP","96.1","103","5","5","3.95","1.27","42","87","35","12","28","17","8","0","2%"
"DJ Herz","WSH","SP","111.4","120","6","7","4.19","1.33","52","94","54","14","30","21","9","0","2%"
"Brayan Bello","BOS","SP","154.3","142","10","9","4.01","1.33","69","150","55","16","28","28","14","0","9%"
"Erick Fedde","STL","SP","167.6","145","10","10","4.16","1.28","78","162","52","23","29","29","14","0","13%"
"Tobias Myers","MIL","SP","132.3","121","7","7","4.22","1.27","62","127","41","20","34","23","10","0","3%"
"Justin Verlander","SF","SP","134.8","111","8","8","4.27","1.27","64","134","38","19","24","24","11","0","11%"
"A.J. Puk","ARI","RP","64.5","77","4","3","3.35","1.17","24","53","22","7","62","0","0","0","30%"
"Jameson Taillon","CHC","SP","165.1","130","10","9","4.33","1.24","79","165","39","25","29","29","14","0","4%"
"Nick Martinez","CIN","SP,RP","154.0","129","8","8","4.15","1.27","71","155","40","21","41","23","10","1","29%"
"Jose Soriano","LAA","SP","140.8","132","8","8","3.93","1.32","61","126","60","14","26","26","13","0","2%"
"Brady Singer","CIN","SP","171.2","160","10","10","4.31","1.29","82","172","50","25","30","30","15","0","29%"
"Kyle Harrison","SF","SP","112.2","113","6","7","4.15","1.28","52","102","41","15","27","20","9","0","4%"
"Jackson Jobe","DET","SP","106.6","88","5","6","4.46","1.33","53","102","40","15","26","20","9","0","14%"
"Reid Detmers","LAA","SP","111.7","124","6","7","4.22","1.27","52","101","41","16","26","19","9","0","3%"
"Eduardo Rodriguez","ARI","SP","135.2","123","9","7","4.08","1.29","61","131","44","17","28","24","11","0","2%"
"Matthew Boyd","CHC","SP","114.0","117","7","6","3.82","1.20","48","100","36","14","27","21","10","0","4%"
"Shane Bieber","CLE","SP","84.8","81","5","4","3.63","1.18","34","79","21","10","19","14","7","0","11%"
"Cody Bradford","TEX","SP","88.2","79","5","5","4.12","1.16","40","83","19","14","36","12","5","0","2%"
"Aaron Civale","MIL","SP","144.5","135","8","8","4.29","1.26","69","139","43","23","33","25","11","0","4%"
"Charlie Morton","BAL","SP","154.1","153","9","9","4.27","1.34","73","143","63","21","27","27","13","0","7%"
"Bubba Chandler","PIT","SP","77.0","70","4","5","4.37","1.37","37","73","32","10","15","15","7","0","3%"
"Grant Holmes","ATL","SP,RP","112.4","110","6","5","4.04","1.29","50","109","36","14","43","16","7","0","6%"
"Bobby Miller","LAD","SP","45.0","43","3","2","4.18","1.28","21","41","16","6","29","3","1","0","1%"
"Eury Perez","MIA","SP","68.8","76","4","4","3.93","1.19","30","60","22","10","14","14","6","0","4%"
"Dustin May","LAD","SP","71.3","68","4","3","3.73","1.21","30","62","24","8","37","7","3","0","6%"
"David Peterson","NYM","SP","142.5","133","9","7","3.87","1.33","61","134","55","15","29","25","13","0","4%"
"Ryne Nelson","ARI","SP","100.1","82","5","5","4.21","1.27","47","101","26","13","41","11","5","0","1%"
"Cade Povich","BAL","SP","85.5","78","5","5","4.34","1.32","41","80","33","12","22","15","6","0","0%"
"Frankie Montas","NYM","SP","105.6","100","6","6","4.32","1.32","51","99","41","14","20","20","9","0","2%"
"Andrew Abbott","CIN","SP","141.0","132","8","9","4.49","1.33","70","135","52","24","25","25","12","0","2%"
"Jordan Montgomery","ARI","SP","105.2","83","6","5","4.31","1.34","50","110","32","13","32","15","6","0","1%"
"Edward Cabrera","MIA","SP","121.0","128","6","8","4.07","1.34","55","103","58","14","29","23","10","0","1%"
"Dean Kremer","BAL","SP","144.5","127","9","8","4.28","1.30","69","138","49","21","26","26","12","0","1%"
"Tomoyuki Sugano","BAL","SP","139.0","103","7","7","4.62","1.31","71","147","34","22","28","25","11","2","6%"
"Quinn Mathews","STL","SP","87.2","84","5","4","3.97","1.29","38","79","33","10","23","14","7","0","1%"
"Marcus Stroman","NYY","SP","140.8","105","7","8","4.43","1.37","69","143","50","18","27","25","11","0","3%"
"Hayden Birdsong","SF","SP","101.5","109","5","6","4.15","1.33","47","88","47","13","33","17","7","0","1%"
"Zack Littell","TB","SP","133.9","114","7","8","4.25","1.24","63","136","30","21","30","24","11","0","2%"
"Andrew Painter","PHI","SP","62.9","63","3","3","4.14","1.25","29","58","21","9","16","11","5","0","3%"
"Max Meyer","MIA","SP","128.0","111","6","8","4.50","1.37","64","130","46","18","29","24","10","0","2%"
"Jon Gray","TEX","SP","124.5","111","7","7","4.35","1.27","60","120","39","18","27","22","10","0","1%"
"Lucas Giolito","BOS","SP","124.4","126","7","8","4.42","1.31","61","118","45","19","28","22","10","0","3%"
"Zebby Matthews","MIN","SP","85.5","79","4","5","4.09","1.21","39","85","18","13","30","13","6","0","1%"
"Ben Brown","CHC","SP,RP","52.2","59","3","2","3.57","1.19","21","43","19","6","29","4","2","0","1%"
"Jordan Hicks","SF","SP,RP","123.9","113","7","7","4.12","1.38","57","117","54","12","35","21","9","0","2%"
"Clayton Kershaw","LAD","SP","62.9","59","5","3","3.81","1.21","27","59","18","8","12","12","6","0","5%"
"Luis L. Ortiz","CLE","SP,RP","137.9","115","7","8","4.33","1.33","66","132","51","19","30","22","10","0","3%"
"Jake Irvin","WSH","SP","165.8","137","9","10","4.38","1.29","81","161","53","24","29","29","14","0","4%"
"Tyler Mahle","TEX","SP","123.5","113","7","7","4.24","1.24","58","114","39","18","23","23","11","0","1%"
"Tylor Megill","NYM","SP","90.1","94","5","4","4.02","1.28","40","82","34","11","41","11","4","0","1%"
"Griffin Canning","NYM","SP","93.5","80","5","5","4.51","1.32","47","91","33","14","35","12","5","0","0%"
"JP Sears","ATH","SP","175.6","141","9","12","4.64","1.28","90","174","51","30","31","31","14","0","1%"
"Casey Mize","DET","SP","118.2","93","6","7","4.29","1.31","56","120","34","14","23","23","10","0","2%"
"Will Warren","NYY","SP","99.6","94","5","6","4.38","1.33","49","96","36","13","32","16","6","0","2%"
"Joey Cantillo","CLE","SP","84.8","87","4","5","4.01","1.33","38","75","38","10","25","15","6","0","0%"
"Andrew Heaney","PIT","SP","132.8","125","7","8","4.42","1.29","65","130","41","20","31","24","10","0","2%"
"Kenta Maeda","DET","SP,RP","76.1","69","3","4","4.45","1.26","38","74","22","12","40","6","2","0","0%"
"Tyler Holton","DET","SP,RP","72.0","62","4","3","3.37","1.12","27","62","18","8","65","0","0","0","7%"
"Hayden Wesneski","HOU","SP,RP","88.8","82","4","5","4.26","1.27","42","83","30","13","37","11","4","0","1%"
"Jack Leiter","TEX","SP,RP","109.6","111","5","7","4.64","1.36","56","101","48","16","32","18","6","0","2%"
"Michael Soroka","WSH","SP,RP","106.1","99","5","7","4.43","1.34","52","99","43","15","37","15","6","0","2%"
"Sean Burke","CWS","SP","120.5","119","6","9","4.49","1.38","60","111","55","18","28","23","10","0","1%"
"Jose Quintana","MIL","SP","133.1","108","8","8","4.36","1.37","64","132","50","17","24","24","11","0","2%"
"Rhett Lowder","CIN","SP","104.9","84","5","6","4.50","1.35","52","108","34","14","33","17","7","0","2%"
"Luis Garcia","HOU","SP","93.3","93","6","5","4.13","1.24","43","85","31","14","23","16","7","0","1%"
"Garrett Whitlock","BOS","SP","63.6","62","3","3","3.61","1.17","25","59","15","7","53","0","-0","0","1%"
"Mitchell Parker","WSH","SP","144.5","127","7","9","4.37","1.33","70","141","52","20","31","27","12","0","1%"
"Lance Lynn","","SP","110.3","103","6","7","4.56","1.33","56","108","38","17","20","20","9","0","1%"
"Yariel Rodriguez","TOR","SP","93.0","96","4","5","4.08","1.30","42","80","41","12","45","11","4","0","0%"
"Michael McGreevy","STL","SP","70.5","52","4","3","3.94","1.28","31","72","18","8","36","6","3","0","1%"
"Tony Gonsolin","LAD","SP","91.0","80","5","4","4.35","1.26","44","84","31","14","36","13","5","0","1%"
"Chris Paddack","MIN","SP","105.5","95","5","5","4.34","1.27","51","108","27","15","35","15","6","0","0%"
"Triston McKenzie","CLE","SP","104.4","97","5","7","4.77","1.42","55","98","50","18","32","17","6","0","1%"
"Alex Cobb","DET","SP","94.7","78","6","5","3.83","1.28","40","94","28","9","18","18","9","1","0%"
"Osvaldo Bido","ATH","SP,RP","89.8","83","4","5","4.40","1.31","44","82","36","12","31","13","5","0","0%"
"Simeon Woods Richardson","MIN","SP","124.7","105","7","8","4.52","1.35","63","122","46","18","25","25","10","0","1%"
"Andre Pallante","STL","SP,RP","145.6","107","8","8","3.97","1.39","64","144","58","12","34","24","12","0","3%"
"Noah Schultz","CWS","SP","39.5","37","2","2","4.09","1.28","18","37","14","5","8","8","4","0","1%"
"Ben Lively","CLE","SP","135.6","105","8","9","4.57","1.35","69","138","44","21","25","25","11","0","1%"
"Miles Mikolas","STL","SP","174.0","121","9","11","4.53","1.26","88","187","33","26","30","30","14","0","2%"
"Landen Roupp","SF","RP","99.8","98","5","5","3.76","1.30","42","88","42","9","41","13","6","0","1%"
"Louis Varland","MIN","SP,RP","63.6","62","3","4","4.09","1.27","29","62","19","9","48","3","1","0","0%"
"Tyler Anderson","LAA","SP","171.1","136","9","11","4.68","1.37","89","169","64","27","29","29","13","0","2%"
"Beau Brieske","DET","SP,RP","66.3","63","3","4","3.94","1.28","29","59","25","8","58","0","-0","0","1%"
"Steven Matz","STL","SP,RP","100.5","87","5","5","4.18","1.30","47","100","31","13","31","17","7","0","0%"
"Jakob Junis","CLE","SP,RP","67.0","61","3","3","4.06","1.20","30","65","15","9","45","3","1","0","0%"
"AJ Smith-Shawver","ATL","SP","74.7","78","4","4","4.18","1.30","35","66","31","10","36","10","4","0","1%"
"Kyle Hart","SD","SP","92.2","77","4","4","4.39","1.32","45","90","32","14","33","13","6","1","0%"
"Mitch Spence","ATH","SP,RP","120.5","95","6","7","4.43","1.33","59","124","36","17","26","20","9","0","1%"
"Matt Waldron","SD","SP","76.4","63","4","5","4.54","1.27","39","76","21","12","19","11","5","0","0%"
"Jacob Misiorowski","MIL","SP,RP","33.5","36","2","2","4.42","1.44","16","28","20","4","27","1","0","0","1%"
"Kyle Bradish","BAL","SP","17.0","18","1","1","3.42","1.16","6","14","5","2","8","2","1","0","1%"
"Logan Allen","CLE","SP","32.3","28","2","2","4.64","1.41","17","33","13","5","7","5","2","0","0%"
"Jose Butto","NYM","SP,RP","64.4","64","4","3","3.80","1.26","27","55","27","7","54","0","-0","0","1%"
"Cade Cavalli","WSH","SP","80.8","76","4","5","4.27","1.33","38","74","33","10","24","14","5","1","0%"
"Trevor Williams","WSH","SP","109.4","87","5","6","4.48","1.34","54","112","35","16","40","17","7","0","1%"
"Sawyer Gipson-Long","DET","SP","36.2","34","2","2","4.05","1.23","16","34","10","5","23","3","1","0","0%"
"Kyle Gibson","","SP","122.9","103","7","7","4.51","1.38","62","125","45","17","21","21","10","0","0%"
"Fernando Cruz","NYY","RP","63.3","87","3","3","3.62","1.23","25","49","29","7","62","0","0","0","2%"
"Alec Marsh","KC","SP","102.4","98","5","7","4.57","1.34","52","99","38","15","29","18","7","0","0%"
"Landon Knack","LAD","SP","49.7","49","2","2","4.18","1.23","23","45","16","8","31","3","1","0","0%"
"Davis Martin","CWS","SP","124.6","109","6","9","4.52","1.36","63","124","46","18","25","25","11","0","0%"
"Brandon Sproat","NYM","SP","29.3","25","2","2","4.38","1.33","14","28","11","4","6","6","3","0","1%"
"Chase Silseth","LAA","SP","53.9","51","2","3","4.33","1.34","26","50","22","8","35","4","2","0","0%"
"Slade Cecconi","CLE","SP,RP","51.5","46","2","3","4.28","1.22","25","50","12","8","33","3","1","0","0%"
"Javier Assad","CHC","SP","131.9","109","7","7","4.25","1.36","62","128","52","17","36","23","10","0","1%"
"Michael Lorenzen","KC","SP","137.8","105","6","8","4.58","1.40","70","134","58","18","42","22","9","0","1%"
"Ryan Brasier","CHC","RP","56.8","55","3","2","3.61","1.17","23","50","16","6","55","0","0","0","0%"
"Chase Dollander","COL","SP","91.2","85","4","6","4.90","1.43","50","92","39","14","17","17","7","0","1%"
"DL Hall","MIL","SP,RP","43.5","46","2","2","4.04","1.34","20","39","20","5","26","4","1","0","0%"
"Ryan Feltner","COL","SP","164.7","139","7","11","4.85","1.40","89","172","59","23","30","30","13","0","0%"
"German Marquez","COL","SP","142.9","117","7","10","4.81","1.40","76","151","48","21","26","26","11","0","0%"
"Ian Anderson","ATL","SP","84.3","72","5","5","4.41","1.42","41","84","36","10","24","15","6","0","0%"
"Erik Miller","SF","SP,RP","62.4","76","3","3","3.51","1.30","24","48","33","5","62","0","0","0","0%"
"Caden Dana","LAA","SP","67.6","58","4","5","4.80","1.35","36","66","26","11","13","13","5","0","0%"
"Joe Boyle","TB","SP","58.1","68","3","3","4.29","1.48","28","45","40","6","35","5","2","0","0%"
"Emmet Sheehan","LAD","SP","23.8","28","2","1","4.26","1.26","11","18","12","3","8","2","0","0","0%"
"Richard Fitts","BOS","SP","45.5","35","2","3","4.62","1.36","23","48","14","7","24","4","2","0","0%"
"Paul Blackburn","NYM","SP","89.5","73","5","5","4.44","1.34","44","91","29","12","39","11","4","0","0%"
"Brady Basso","ATH","SP","48.0","45","2","3","4.02","1.23","21","46","14","7","33","3","1","0","0%"
"Albert Suarez","BAL","SP,RP","76.2","66","4","3","4.36","1.32","37","76","25","11","51","4","2","0","1%"
"Ryan Burr","TOR","RP","44.5","52","2","2","3.71","1.23","18","39","16","6","43","0","0","0","0%"
"John Means","CLE","SP","26.4","21","2","2","3.77","1.13","11","23","7","4","6","5","1","0","0%"
"Kyle Wright","KC","SP","79.1","67","4","5","4.22","1.33","37","78","27","9","30","11","5","0","0%"
"Quinn Priester","BOS","SP,RP","47.5","39","3","3","4.26","1.35","23","48","16","5","27","4","2","0","0%"
"Daniel Lynch","KC","RP","66.2","52","3","3","4.34","1.33","32","67","20","9","42","4","2","0","0%"
"Jared Koenig","MIL","SP,RP","64.2","61","3","4","3.82","1.30","27","60","23","7","58","0","0","0","0%"
"Colin Rea","CHC","SP","119.3","94","6","7","4.53","1.30","60","121","34","18","29","19","7","0","0%"
"Lance McCullers Jr.","HOU","SP","77.7","76","5","4","3.86","1.32","33","70","32","8","26","11","5","0","1%"
"Chayce McDermott","BAL","SP","43.9","47","2","2","4.18","1.36","20","38","22","6","20","5","2","0","0%"
"Trevor Rogers","BAL","SP","40.2","34","2","2","4.39","1.37","20","40","15","5","19","4","2","0","0%"
"Taijuan Walker","PHI","SP","62.8","46","3","3","4.79","1.39","33","64","23","10","37","4","1","0","0%"
"Keider Montero","DET","SP","41.7","35","2","2","4.49","1.36","21","41","16","6","21","4","1","1","0%"
"Mike Clevinger","CWS","SP","54.2","47","2","3","4.47","1.30","27","53","18","8","45","0","0","0","0%"
"Thomas Harrington","PIT","SP","12.0","9","1","1","4.44","1.29","6","12","3","2","3","2","1","0","0%"
"Tink Hence","STL","SP","16.7","15","1","1","4.29","1.30","8","16","6","2","3","3","2","0","1%"
"Noah Cameron","KC","SP","28.0","26","2","2","3.94","1.26","12","27","8","3","24","1","1","0","0%"
"Martin Perez","CWS","SP","140.7","103","6","10","4.58","1.43","72","149","51","20","25","25","11","0","0%"
"Cal Quantrill","MIA","SP","134.5","97","7","10","4.85","1.44","72","142","51","19","25","25","10","0","0%"
"Tyler Wells","BAL","SP","19.1","17","1","1","4.34","1.20","9","18","5","4","14","0","0","0","0%"
"Kyle Freeland","COL","SP","150.2","107","7","11","5.08","1.42","85","172","42","25","27","27","11","0","0%"
"Josiah Gray","WSH","SP","12.9","11","1","1","4.70","1.37","7","12","5","2","6","2","1","0","0%"
"Emerson Hancock","SEA","SP","61.4","44","3","4","4.61","1.34","31","61","21","10","19","10","4","0","0%"
"Alek Manoah","TOR","SP","21.7","21","1","1","4.18","1.27","10","19","8","3","10","3","1","0","0%"
"Jonathan Cannon","CWS","SP","151.3","110","6","11","4.79","1.39","81","157","53","22","30","26","11","0","0%"
"Spencer Turnbull","","SP,RP","61.8","57","4","4","4.17","1.29","29","57","23","7","13","11","5","0","0%"
"Bailey Falter","PIT","SP","123.6","91","6","8","4.57","1.33","63","128","37","18","35","21","9","0","0%"
"Keaton Winn","SF","SP","46.9","42","2","3","4.04","1.26","21","45","14","5","32","2","1","0","0%"
"Randy Vasquez","SD","SP","61.8","47","3","4","4.58","1.37","31","63","21","9","21","10","4","0","0%"
"Kyle Hendricks","LAA","SP","123.0","86","6","9","5.03","1.39","69","135","36","21","23","23","9","0","0%"
"Dane Dunning","TEX","SP,RP","73.0","65","3","4","4.33","1.32","35","71","26","10","46","4","2","0","0%"
"J.T. Ginn","ATH","SP,RP","84.1","63","4","5","4.53","1.38","42","87","30","10","27","13","5","0","0%"
"Jack Kochanowicz","LAA","SP","90.0","52","4","6","4.71","1.38","47","100","25","12","24","14","5","0","0%"
"Carmen Mlodzinski","PIT","RP","61.0","54","3","4","4.21","1.36","29","58","25","7","55","0","0","0","0%"
"Drew Thorpe","CWS","SP","87.4","68","4","6","4.55","1.34","44","85","32","13","16","16","7","0","1%"
"Shawn Armstrong","TEX","SP,RP","63.0","61","3","3","4.15","1.28","29","60","21","8","58","0","0","0","0%"
"Brandon Young","BAL","SP","29.8","28","2","1","3.97","1.27","13","28","10","4","25","1","0","0","0%"
"Graham Ashcraft","CIN","SP","47.5","38","2","3","4.36","1.34","23","49","15","6","38","2","1","0","0%"
"Tristan Beck","SF","SP,RP","47.0","41","2","2","4.08","1.27","21","46","14","6","38","0","0","0","0%"
"Shinnosuke Ogasawara","WSH","SP","59.9","49","2","2","4.68","1.38","31","61","21","8","30","8","2","0","0%"
"Brenan Hanifee","DET","RP","47.0","37","2","2","3.80","1.27","20","46","13","5","42","0","0","0","0%"
"Matthew Liberatore","STL","SP,RP","75.2","68","4","4","4.09","1.32","34","71","28","9","57","3","1","0","0%"
"Yilber Diaz","ARI","SP","49.0","50","3","2","4.20","1.37","23","44","23","6","33","2","1","0","0%"
"Hurston Waldrep","ATL","SP","22.6","20","1","1","4.51","1.47","11","22","11","3","13","2","1","0","0%"
"Carson Whisenhunt","SF","SP","28.8","28","1","1","4.13","1.34","13","27","12","3","13","4","2","0","0%"
"Ryan Yarbrough","TOR","RP","31.5","23","2","1","4.31","1.25","15","31","9","4","23","1","0","0","0%"
"Joey Estes","ATH","SP","110.3","82","5","7","5.03","1.30","62","113","30","22","27","19","8","1","0%"
"Chase Petty","CIN","SP","26.6","20","1","1","4.86","1.44","14","28","11","4","13","3","1","0","0%"
"Brennan Bernardino","BOS","RP","49.4","50","2","2","4.02","1.33","22","47","19","5","49","0","0","0","0%"
"Patrick Sandoval","BOS","SP","20.7","20","1","1","4.17","1.41","10","20","9","2","7","3","2","0","0%"
"Brent Headrick","NYY","SP,RP","35.8","36","2","2","4.08","1.25","16","33","12","6","32","0","0","0","0%"
"Logan Henderson","MIL","SP","9.1","9","1","1","4.36","1.19","4","8","3","2","8","0","0","0","0%"
"Cody Poteet","CHC","SP","30.3","27","2","1","3.97","1.27","13","28","10","4","24","1","0","0","0%"
"Austin Gomber","COL","SP","148.8","104","7","11","5.12","1.41","85","168","42","27","27","27","11","0","0%"
"Jordan Wicks","CHC","SP","46.6","41","2","2","4.27","1.32","22","45","16","6","17","7","3","0","0%"
"Antonio Senzatela","COL","SP","124.2","78","5","9","5.25","1.50","72","148","39","18","32","23","8","0","0%"
"Justin Wrobleski","LAD","SP,RP","40.6","36","2","2","4.35","1.32","20","39","15","6","31","1","0","0","0%"
"Jalen Beeks","HOU","RP","47.0","43","3","2","4.06","1.36","21","45","18","5","45","0","0","0","0%"
"Ian Seymour","TB","SP","31.1","29","2","2","4.20","1.27","15","29","11","4","14","4","2","0","0%"
"Adam Mazur","MIA","SP","38.4","29","2","3","4.76","1.38","20","41","12","6","9","7","3","0","0%"
"Jairo Iriarte","CWS","SP","35.4","31","1","2","4.74","1.46","19","34","17","5","22","3","1","0","0%"
"Bryce Elder","ATL","SP","49.4","40","3","3","4.34","1.38","24","50","18","6","15","7","3","0","0%"
"Drew Smyly","","RP","42.6","41","2","3","4.29","1.30","20","41","15","7","36","1","0","0","0%"
"Cristian Javier","HOU","SP","21.0","22","1","1","4.07","1.23","9","17","9","3","15","0","0","0","1%"
"Connor Phillips","CIN","SP","21.6","22","1","1","4.78","1.45","11","20","11","3","19","0","0","0","0%"
"Matt Manning","DET","SP","38.6","32","2","2","4.16","1.28","18","36","13","5","22","3","1","0","0%"
"Alex Faedo","TB","SP,RP","58.0","56","3","3","4.33","1.30","28","53","22","9","46","2","0","0","0%"
"Shane Smith","CWS","SP,RP","67.7","63","3","4","4.30","1.34","32","65","26","9","44","5","2","0","0%"
"Mason Black","SF","SP","38.2","34","2","2","4.34","1.33","18","37","14","5","24","3","1","0","0%"
"Sam Aldegheri","LAA","SP","14.0","13","1","1","5.00","1.49","8","14","7","2","4","2","1","0","0%"
"Brent Suter","CIN","RP","61.1","48","2","3","4.39","1.34","30","64","18","9","56","0","0","0","0%"
"Robby Snelling","MIA","SP","22.9","18","1","2","4.90","1.49","12","25","10","3","4","4","2","0","0%"
"Clayton Beeter","NYY","SP,RP","28.3","33","1","1","3.77","1.28","12","23","13","3","25","0","0","0","0%"
"Emiliano Teodo","TEX","SP","20.9","21","1","1","4.25","1.40","10","18","11","3","17","1","0","0","0%"
"Braxton Ashcraft","PIT","SP","37.3","32","1","2","4.10","1.25","17","37","10","5","23","3","1","0","0%"
"Roansy Contreras","BAL","RP","31.3","28","1","1","4.41","1.32","15","29","12","4","27","0","0","0","0%"
"Josh Winckowski","BOS","SP,RP","48.2","40","2","3","4.02","1.34","21","49","16","5","41","0","-0","0","0%"
"Joe Ross","PHI","SP,RP","59.1","50","3","3","4.48","1.37","29","59","22","8","40","3","1","0","0%"
"Zack Kelly","BOS","RP","33.5","35","2","2","4.12","1.36","15","29","16","4","31","0","0","0","0%"
"Mike Burrows","PIT","SP","32.5","29","2","2","4.41","1.35","16","31","13","4","24","1","1","0","0%"
"Nick Nastrini","CWS","SP","70.3","61","3","6","5.38","1.54","42","69","40","12","19","12","4","0","0%"
"Penn Murfee","CWS","SP","44.7","43","2","2","4.08","1.30","20","41","17","6","44","0","0","0","0%"
"Trevor McDonald","SF","SP","31.7","25","2","2","3.98","1.33","14","31","11","3","27","0","0","0","0%"
"Logan Evans","SEA","SP,RP","16.0","12","1","1","4.33","1.37","8","16","6","2","8","2","1","0","0%"
"Chad Patrick","MIL","","24.3","22","1","1","4.20","1.26","11","23","7","4","23","0","0","0","0%"
"Mason Adams","CWS","","26.7","19","1","2","4.67","1.38","14","29","8","4","6","5","2","0","0%"
"Carson Ragsdale","SF","SP","23.4","24","1","1","4.14","1.31","11","21","9","3","20","1","0","0","0%"
"Carson Spiers","CIN","SP,RP","47.2","41","2","3","4.90","1.39","26","50","16","8","32","2","1","0","0%"
"Dakota Hudson","LAA","SP","22.1","14","1","1","4.73","1.48","12","23","10","3","15","1","0","0","0%"
"Drue Hackenberg","ATL","","7.9","7","0","0","4.56","1.49","4","8","4","1","2","2","1","0","0%"
"Johan Oviedo","PIT","SP","67.5","59","3","4","4.42","1.38","33","64","29","8","26","9","4","0","0%"
"Gunnar Hoglund","ATH","SP","66.1","49","3","4","4.69","1.31","34","67","20","10","33","7","3","0","0%"
"Jose Suarez","LAA","RP","66.0","64","3","4","4.45","1.35","33","64","25","10","47","4","2","0","0%"
"Eiberson Castellano","MIN","RP","31.2","30","2","2","4.24","1.33","15","30","12","4","28","0","0","0","0%"
"Jacob Lopez","ATH","SP","27.1","26","1","1","4.10","1.31","12","24","12","3","23","0","0","0","0%"
"JT Brubaker","NYY","SP,RP","48.7","45","2","2","4.44","1.32","24","47","17","7","35","3","1","0","0%"
"Tyler Alexander","MIL","SP,RP","53.3","45","3","3","4.62","1.26","27","55","12","10","36","2","1","0","0%"
"Tekoah Roby","STL","SP","9.2","7","0","1","4.87","1.35","5","10","3","1","2","2","1","0","0%"
"Carson Palmquist","COL","","16.0","14","1","2","4.89","1.47","9","16","7","3","5","3","1","0","0%"
"Adrian Houser","TEX","SP,RP","27.2","19","1","2","4.64","1.43","14","28","10","3","7","4","1","0","0%"
"Colton Gordon","HOU","SP","18.7","16","1","1","4.26","1.27","9","18","6","3","11","2","1","0","0%"
"Cristian Mena","ARI","SP","17.9","16","1","1","4.29","1.39","9","18","7","2","12","2","0","0","0%"
"Ty Madden","DET","SP","23.3","22","1","1","4.37","1.33","11","22","9","3","21","0","0","0","0%"
"Mick Abel","PHI","SP","19.0","17","1","1","4.59","1.45","10","18","10","3","17","0","0","0","0%"
"Wade Miley","CIN","SP","41.5","27","2","3","4.79","1.41","22","44","15","6","8","8","3","0","0%"
"Cooper Criswell","BOS","SP","29.6","22","1","1","4.43","1.35","15","31","9","3","17","2","1","0","0%"
"Brandyn Garcia","SEA","","18.3","17","1","1","3.95","1.32","8","17","7","2","18","0","0","0","0%"
"Carson Seymour","SF","SP","24.4","20","1","1","4.10","1.35","11","24","8","3","21","1","0","0","0%"
"Sem Robberse","STL","SP","23.4","18","1","1","4.30","1.34","11","23","8","3","18","1","1","0","0%"
"Yoendrys Gomez","NYY","SP,RP","38.1","36","2","2","4.44","1.34","19","34","17","6","30","1","0","0","0%"
"Moises Chace","PHI","SP,RP","7.8","8","0","1","4.99","1.55","4","7","5","1","2","2","1","0","0%"
"Jacob Waguespack","TB","SP,RP","40.3","41","2","2","4.15","1.35","19","38","16","5","31","1","1","0","0%"
"Jake Bloss","TOR","SP","39.3","32","2","2","4.71","1.39","21","39","16","6","18","6","2","0","0%"
"Joe Rock","TB","SP","24.7","20","1","1","4.20","1.32","12","25","7","3","16","2","1","0","0%"
"AJ Blubaugh","HOU","SP","9.0","8","1","1","4.07","1.40","4","10","3","1","7","0","0","0","0%"
"Andrew Morris","MIN","","11.2","9","1","1","4.08","1.31","5","11","3","2","11","0","0","0","0%"
"Andrew Wantz","TB","SP,RP","9.9","10","0","0","4.50","1.32","5","9","4","2","7","0","0","0","0%"
"Valente Bellozo","MIA","SP","59.9","44","2","4","4.88","1.40","32","63","21","10","21","9","3","0","0%"
"Zack Thompson","STL","SP","34.4","34","2","2","4.22","1.39","16","31","16","4","30","0","0","0","0%"
"Angel Bastardo","TOR","","15.7","14","1","1","4.23","1.34","7","15","6","2","15","0","0","0","0%"
"Huascar Ynoa","MIN","SP,RP","18.7","18","1","1","4.46","1.39","9","18","8","3","18","0","0","0","0%"
"Ben Casparius","LAD","SP","36.4","36","2","2","4.56","1.38","18","34","17","5","31","0","0","0","0%"
"Vince Velasquez","CLE","SP","17.8","17","1","1","4.33","1.32","9","17","7","3","12","1","1","0","0%"
"Davis Daniel","ATL","SP","16.5","14","1","1","4.35","1.31","8","17","5","2","12","0","0","0","0%"
"Nick Frasso","LAD","SP","12.9","12","1","1","4.14","1.29","6","12","4","2","13","0","0","0","0%"
"Will Dion","CLE","SP","11.4","10","1","1","4.09","1.35","5","12","4","2","9","0","0","0","0%"
"Blas Castano","SEA","","24.8","19","1","1","4.26","1.33","12","25","8","3","18","2","1","0","0%"
"Cory Lewis","MIN","","11.5","10","1","1","4.45","1.40","6","11","5","1","10","0","0","0","0%"
"Doug Nikhazy","CLE","SP","37.4","36","2","2","4.27","1.40","18","34","19","5","32","0","0","0","0%"
"Caleb Kilian","CHC","SP,RP","24.3","19","1","1","4.29","1.36","12","24","9","3","16","2","1","0","0%"
"Jose Urquidy","DET","SP","20.6","17","1","1","4.61","1.27","11","21","6","4","4","4","1","0","0%"
"Max Rajcic","STL","","9.3","7","1","1","4.64","1.30","5","9","3","1","9","0","0","0","0%"
"Tyler Mattison","DET","SP,RP","18.0","18","1","1","4.19","1.34","8","16","8","2","18","0","0","0","0%"
"Ricky Vanasco","DET","RP","14.0","14","1","1","4.76","1.60","7","12","10","1","14","0","0","0","0%"
"Shintaro Fujinami","SEA","RP","25.7","28","1","1","4.32","1.40","12","21","15","3","25","0","0","0","0%"
"Ryan Gusto","HOU","","35.9","30","2","2","4.47","1.34","18","35","13","5","19","3","1","0","0%"
"Nabil Crismatt","PHI","SP,RP","11.7","10","1","1","4.71","1.36","6","12","4","2","11","0","0","0","0%"
"Alan Rangel","PHI","SP,RP","21.2","19","1","1","4.69","1.35","11","21","8","3","20","0","0","0","0%"
"Mike Vasil","TB","SP","41.9","33","2","2","4.54","1.36","21","43","14","6","37","0","0","0","0%"
"Yoniel Curet","TB","SP","17.1","19","1","1","4.51","1.48","9","14","12","3","5","3","2","0","0%"
"Cam Schlittler","NYY","","9.1","8","1","1","4.48","1.35","5","9","4","1","2","2","1","0","0%"
"Bryse Wilson","CWS","SP,RP","90.0","66","3","6","4.73","1.36","47","95","28","15","35","11","4","0","0%"
"Brad Lord","WSH","","26.5","18","1","1","4.76","1.37","14","28","9","4","20","2","1","0","0%"
"Zach Penrod","BOS","SP,RP","16.8","18","1","1","4.23","1.42","8","15","9","2","19","0","0","0","0%"
"Elvin Rodriguez","MIL","SP","22.7","20","1","1","4.44","1.34","11","22","9","3","21","0","0","0","0%"
"Tyler Phillips","PHI","SP","28.2","21","1","2","4.59","1.38","14","30","9","4","23","1","0","0","0%"
"Blake Walston","ARI","SP,RP","31.4","27","2","2","4.35","1.40","15","31","13","4","25","0","0","0","0%"
"Jackson Rutledge","WSH","SP","27.9","23","1","2","4.67","1.43","14","27","12","4","24","1","0","0","0%"
"Drew Rom","STL","SP","16.9","16","1","1","4.62","1.48","9","17","8","2","4","3","1","0","0%"
"Ryan Bergert","SD","","20.0","16","1","1","4.77","1.41","11","20","8","3","13","2","1","0","0%"
"Anthony DeSclafani","","SP","49.3","39","3","3","4.58","1.32","25","52","13","8","11","9","4","0","0%"
"Rob Zastryzny","NYY","RP","16.1","16","1","0","4.62","1.37","8","15","7","2","15","1","0","0","0%"
"Alex Cornwell","STL","","7.6","5","0","0","4.24","1.37","4","8","2","1","8","0","0","0","0%"
"Eric Lauer","TOR","SP","26.1","25","2","2","4.72","1.41","14","26","11","5","7","1","0","0","0%"
"Mason Barnett","ATH","SP","11.5","10","1","1","4.44","1.37","6","11","5","2","3","2","1","0","0%"
"Taylor Clarke","KC","SP,RP","11.6","10","0","1","4.38","1.33","6","12","4","2","10","0","0","0","0%"
"J.P. France","HOU","SP","27.4","24","1","2","4.61","1.41","14","27","12","4","15","2","1","0","0%"
"Tommy Henry","ARI","SP","29.7","25","1","1","4.49","1.42","15","30","12","4","25","0","0","0","0%"
"Randy Dobnak","MIN","SP,RP","10.5","8","0","0","4.34","1.41","5","10","4","1","8","0","0","0","0%"
"Joey Lucchesi","SF","SP,RP","17.7","12","1","1","4.38","1.46","9","19","7","2","13","1","0","0","0%"
"Dylan Dodd","ATL","SP","27.1","22","1","1","4.60","1.37","14","29","8","4","23","0","0","0","0%"
"Max Kranick","NYM","RP","38.5","32","2","2","4.36","1.31","19","37","13","6","35","0","0","0","0%"
"Travis Adams","MIN","","18.5","14","1","1","4.50","1.37","9","19","6","2","12","2","1","0","0%"
"Domingo German","","SP,RP","33.2","28","1","2","4.91","1.29","18","31","12","5","7","5","1","0","0%"
"Jonathan Bowlan","KC","SP,RP","32.3","26","2","2","4.44","1.35","16","33","10","4","29","0","-0","0","0%"
"Hogan Harris","ATH","SP,RP","42.9","39","2","2","4.42","1.41","21","40","20","6","36","1","0","0","0%"
"Brad Keller","CHC","RP","23.6","18","1","1","4.44","1.43","12","24","10","3","18","1","1","0","0%"
"Jhonathan Diaz","SEA","SP","10.5","9","0","1","4.24","1.39","5","10","4","1","4","2","1","0","0%"
"Tejay Antone","CIN","RP","10.2","9","0","0","4.57","1.40","5","10","4","1","11","0","0","0","0%"
"Jose Urena","NYM","SP,RP","19.2","14","1","1","4.55","1.40","10","20","7","3","15","0","0","0","0%"
"Shaun Anderson","LAA","SP,RP","9.5","7","0","0","4.46","1.37","5","10","3","1","7","0","0","0","0%"
"Connor Seabold","TB","SP,RP","12.8","11","1","1","4.89","1.30","7","13","4","2","8","1","0","0","0%"
"John Rooney","MIA","SP","25.7","23","1","1","4.40","1.42","13","26","11","3","24","0","0","0","0%"
"Marco Gonzales","","SP","14.0","10","1","1","4.77","1.40","7","15","5","2","3","3","1","0","0%"
"Jake Eder","CWS","SP","14.3","12","1","1","4.84","1.51","8","14","7","2","12","0","0","0","0%"
"Adam Macko","TOR","SP","14.0","12","1","1","4.73","1.40","7","14","6","2","5","3","1","0","0%"
"Carlos Carrasco","NYY","SP","37.2","31","2","2","4.80","1.40","20","40","12","6","15","5","2","0","0%"
"Bruce Zimmermann","MIL","SP,RP","8.7","8","0","0","4.41","1.31","4","9","2","1","5","0","0","0","0%"
"Sam Bachman","LAA","SP","33.4","26","2","2","4.64","1.44","17","33","15","4","30","0","0","0","0%"
"Royber Salinas","ATL","SP","14.9","16","1","1","5.26","1.76","9","13","13","2","14","0","0","0","0%"
"Josh Fleming","SEA","RP","18.1","11","1","1","4.21","1.35","8","19","5","2","12","0","0","0","0%"
"Gordon Graceffo","STL","SP","40.4","29","2","2","4.53","1.36","20","42","13","5","29","2","1","0","0%"
"Luinder Avila","KC","","18.4","14","1","1","4.65","1.46","10","19","8","2","18","0","0","0","0%"
"Chris Flexen","CHC","SP","20.9","17","1","1","4.68","1.41","11","22","7","3","13","1","0","0","0%"
"Jimmy Lambert","","SP","15.3","15","1","1","5.11","1.50","9","15","8","3","13","0","0","0","0%"
"Xzavion Curry","MIA","SP,RP","24.3","18","1","2","4.94","1.38","13","26","8","5","19","1","0","0","0%"
"Justin Dunn","CWS","SP","16.7","14","0","1","5.09","1.45","9","17","7","3","14","0","0","0","0%"
"Wikelman Gonzalez","CWS","SP","7.3","6","0","1","5.28","1.51","4","7","4","1","2","2","1","0","0%"
"Connor Gillispie","MIA","SP,RP","37.5","32","2","2","4.64","1.39","19","37","15","6","33","0","0","0","0%"
"Cole Irvin","","SP,RP","45.8","32","2","3","4.70","1.35","24","50","12","8","10","8","3","0","0%"
"Casey Lawrence","SEA","SP","11.0","7","1","1","4.91","1.36","6","12","3","2","11","0","0","0","0%"
"Dane Acker","TEX","SP,RP","9.9","8","0","1","4.97","1.44","5","10","4","1","4","2","1","0","0%"
"Noah Syndergaard","","SP","39.1","27","2","3","4.75","1.32","21","42","9","7","7","7","3","0","0%"
"Jesse Scholtens","CWS","SP,RP","8.8","7","0","1","5.41","1.52","5","10","4","2","2","2","0","0","0%"
"Jack O'Loughlin","COL","SP,RP","12.0","9","0","1","5.48","1.64","7","14","6","2","8","1","0","0","0%"
"Ky Bush","CWS","SP","10.1","8","0","1","4.87","1.52","5","10","5","2","3","2","1","0","0%"
"Gabriel Hughes","COL","SP","18.1","16","1","1","4.69","1.44","9","19","7","3","17","0","0","0","0%"
"Ross Stripling","KC","SP,RP","24.9","17","1","1","4.71","1.36","13","28","6","3","13","2","1","0","0%"
"Kyle Tyler","PHI","SP","35.7","28","2","2","4.57","1.42","18","37","14","4","32","0","0","0","0%"
"Carson Fulmer","PIT","SP,RP","26.9","23","1","1","4.55","1.45","14","26","14","3","14","2","-0","0","0%"
"Janson Junk","MIA","SP,RP","20.3","15","1","1","4.71","1.39","11","22","6","3","18","0","0","0","0%"
"Thaddeus Ward","BAL","SP","15.8","13","1","1","4.73","1.55","8","15","9","2","14","0","0","0","0%"
"Allan Winans","NYY","SP,RP","23.6","18","1","1","4.48","1.30","12","24","7","4","13","2","1","0","0%"
"Chad Kuhl","ATL","RP","7.7","6","0","0","5.34","1.56","5","8","4","1","4","0","0","0","0%"
"Lyon Richardson","CIN","SP,RP","14.4","13","1","1","4.64","1.48","7","14","7","2","10","1","0","0","0%"
"Alex Wood","","SP","51.0","42","3","4","4.71","1.41","27","53","19","7","12","9","4","0","0%"
"Kolby Allard","CLE","SP,RP","23.7","20","1","1","4.84","1.42","13","25","8","4","18","1","0","0","0%"
"Brandon Bielak","ARI","RP","13.0","9","0","1","5.00","1.52","7","14","5","2","6","1","0","0","0%"
"Kenny Rosenberg","","SP","23.6","19","1","1","5.10","1.45","13","24","10","5","6","1","0","0","0%"
"Paolo Espino","","SP","5.6","3","0","0","6.52","1.60","4","7","2","1","2","1","0","0","0%"
"Sixto Sanchez","","SP,RP","22.8","14","1","1","4.06","1.33","10","24","7","2","6","5","2","0","0%"
"Christian Roa","MIA","RP","14.0","14","1","1","4.58","1.56","7","14","8","2","10","0","0","0","0%"
"Matt Sauer","LAD","RP","22.0","18","1","1","4.74","1.39","12","22","9","3","21","0","0","0","0%"
"Jake Woodford","COL","SP","17.7","13","1","1","5.04","1.49","10","20","6","3","11","2","1","0","0%"
"James Kaprielian","","SP","12.1","9","1","1","5.60","1.52","8","13","6","2","3","2","1","0","0%"
"Noah Davis","BOS","RP","6.9","5","0","0","5.78","1.60","4","8","3","1","2","1","0","0","0%"
"Michael Mercado","PHI","SP,RP","31.1","27","2","2","4.88","1.44","17","31","14","5","26","0","0","0","0%"
"Ken Waldichuk","ATH","SP,RP","29.3","30","1","2","4.98","1.42","16","28","13","5","6","6","2","0","0%"
"Noah Murdock","ATH","RP","45.5","39","2","2","4.53","1.51","23","43","26","5","43","0","0","0","0%"
"Darren McCaughan","MIN","SP,RP","23.5","18","1","1","5.42","1.45","14","26","8","5","6","5","2","0","0%"
"Roddery Munoz","STL","SP","29.4","25","1","2","4.96","1.45","16","29","14","5","20","2","1","0","0%"
"Jared Shuster","CWS","RP","54.1","41","2","3","4.69","1.41","28","55","22","8","39","2","1","0","0%"
"Bradley Blalock","COL","SP","37.3","27","1","2","5.37","1.52","22","41","16","6","23","4","1","0","0%"
"Owen White","CWS","SP,RP","14.6","11","0","1","5.05","1.48","8","15","6","2","13","0","0","0","0%"
"Patrick Corbin","","SP","82.7","64","4","6","5.03","1.46","46","93","27","13","15","15","6","0","0%"
"Victor Mederos","LAA","SP","23.7","18","1","2","5.05","1.52","13","25","11","3","21","0","0","0","0%"
"Seth Johnson","PHI","SP","18.8","16","1","1","5.10","1.53","11","19","9","3","16","1","0","0","0%"
"Joan Adon","WSH","SP,RP","19.3","15","1","1","5.55","1.59","12","20","10","3","12","1","-0","0","0%"
"Kai-Wei Teng","SF","SP,RP","16.1","14","1","1","5.33","1.61","10","17","9","2","10","0","0","0","0%"
"Tanner Gordon","COL","SP","35.6","26","1","2","5.24","1.43","21","41","10","6","25","2","1","0","0%"
"Adam Oller","","SP","34.0","28","1","3","5.51","1.53","21","36","16","6","12","3","1","0","0%"
"Kyle Muller","","RP","52.2","42","2","3","5.10","1.48","30","56","21","9","13","9","3","0","0%"
"Carlos Rodriguez","MIL","SP","26.0","24","1","2","4.40","1.31","13","24","10","4","13","3","1","0","0%"
"Ryan Webb","CLE","SP","20.5","18","1","1","4.20","1.38","10","20","8","3","20","0","0","0","0%"
"Patrick Monteverde","MIA","","32.4","24","2","2","4.80","1.40","17","34","11","5","23","2","1","0","0%"
"Braydon Fisher","TOR","RP","18.0","18","1","1","4.50","1.45","9","16","10","2","18","0","0","0","0%"
"Andry Lara","WSH","SP","22.1","16","1","1","4.65","1.39","11","23","8","3","22","0","0","0","0%"
"Cole Henry","WSH","SP,RP","44.9","38","2","3","4.91","1.44","25","43","22","7","42","0","0","0","0%"
"Connor Prielipp","MIN","SP","22.0","21","1","1","4.66","1.46","11","21","11","3","22","0","0","0","0%"
"Robinson Pina","MIA","SP","11.9","9","1","1","4.92","1.42","7","13","3","2","3","2","1","0","0%"
"Ryan Cusick","ATH","SP,RP","14.0","11","1","1","5.03","1.53","8","14","8","2","14","0","0","0","0%"
"Ryan Johnson","LAA","","12.0","11","0","0","5.25","1.42","7","12","5","2","12","0","0","0","0%"
""
""