"Player","Team","Positions","AB","R","HR","RBI","SB","AVG","OBP","H","2B","3B","BB","SO","SLG","OPS","Rost%"
"Shohei Ohtani","LAD","DH,SP","565","116","42","111","34",".287",".376","162","30","5","80","150",".585",".961","100%"
"Bobby Witt Jr.","KC","SS","611","105","30","96","34",".295",".347","180","36","8","49","110",".532",".879","100%"
"Aaron Judge","NYY","CF,DH","533","108","48","120","8",".285",".408","152","26","1","111","169",".611","1.019","100%"
"Elly De La Cruz","CIN","SS","589","97","25","82","52",".255",".325","150","32","8","60","199",".463",".787","100%"
"Jose Ramirez","CLE","3B,DH","591","93","29","95","30",".274",".342","162","37","3","61","80",".497",".838","100%"
"Juan Soto","NYM","RF","536","108","34","96","9",".277",".416","149","28","2","128","112",".528",".945","100%"
"Kyle Tucker","CHC","RF","555","93","29","93","22",".274",".366","152","30","2","81","99",".495",".862","100%"
"Gunnar Henderson","BAL","SS","585","104","31","91","17",".272",".352","159","31","6","72","151",".508",".860","100%"
"Mookie Betts","LAD","SS,RF","570","102","27","91","15",".278",".364","158","33","3","77","92",".493",".857","100%"
"Fernando Tatis Jr.","SD","RF","574","97","33","92","22",".274",".338","158","32","2","55","139",".515",".853","100%"
"Corbin Carroll","ARI","CF,RF","575","105","23","77","40",".258",".337","149","27","10","68","127",".459",".796","100%"
"Francisco Lindor","NYM","SS","599","97","28","87","23",".257",".325","154","31","2","60","128",".457",".782","100%"
"Vladimir Guerrero Jr.","TOR","1B,DH","589","94","31","100","5",".297",".371","175","35","1","69","95",".522",".893","100%"
"Yordan Alvarez","HOU","LF,DH","515","92","35","99","3",".300",".387","155","30","2","73","101",".577",".964","100%"
"Julio Rodriguez","SEA","CF","598","90","27","86","29",".277",".329","166","28","2","47","155",".471",".801","99%"
"Jackson Chourio","MIL","LF,RF","591","85","23","83","27",".267",".317","158","30","4","43","134",".450",".767","99%"
"Bryce Harper","PHI","1B","550","92","29","92","10",".278",".372","153","35","1","82","139",".505",".877","100%"
"Jarren Duran","BOS","LF,CF","597","93","18","72","30",".266",".323","159","39","8","50","151",".451",".773","99%"
"Freddie Freeman","LAD","1B","566","93","22","89","11",".286",".367","162","36","2","72","107",".475",".842","100%"
"Trea Turner","PHI","SS","604","92","22","79","24",".278",".323","168","32","2","40","127",".449",".772","99%"
"Jackson Merrill","SD","CF","590","80","23","86","15",".275",".317","162","32","5","37","109",".467",".784","99%"
"Ketel Marte","ARI","2B,DH","554","90","27","87","7",".274",".352","152","31","3","66","113",".489",".841","100%"
"Jazz Chisholm Jr.","NYY","3B,CF","536","80","26","77","34",".248",".311","133","22","3","49","152",".447",".758","93%"
"Austin Riley","ATL","3B","589","94","32","97","2",".270",".332","159","32","2","55","160",".495",".827","98%"
"Rafael Devers","BOS","3B","570","90","31","95","4",".270",".346","154","33","2","66","140",".503",".849","99%"
"Ronald Acuna Jr.","ATL","RF","460","92","23","69","36",".291",".374","134","25","2","61","98",".507",".880","99%"
"Matt Olson","ATL","1B","579","90","33","103","1",".250",".339","145","30","1","78","160",".480",".819","99%"
"Manny Machado","SD","3B,DH","580","81","29","95","8",".266",".325","154","28","1","51","125",".469",".795","100%"
"Corey Seager","TEX","SS","489","78","29","81","2",".281",".353","137","27","1","54","96",".522",".875","99%"
"Pete Alonso","NYM","1B","571","87","35","100","4",".241",".320","138","25","1","66","152",".474",".793","99%"
"William Contreras","MIL","C,DH","551","82","23","84","7",".271",".350","149","30","1","67","133",".457",".807","100%"
"Ozzie Albies","ATL","2B","574","83","21","82","12",".262",".314","151","33","3","43","100",".443",".756","98%"
"Jose Altuve","HOU","2B","579","87","20","69","17",".270",".331","156","30","1","53","112",".428",".759","99%"
"Oneil Cruz","PIT","SS,CF","555","80","25","82","21",".252",".320","140","30","3","55","181",".456",".776","79%"
"Michael Harris II","ATL","CF","555","84","22","77","19",".283",".325","157","30","4","35","116",".469",".794","92%"
"Wyatt Langford","TEX","LF,DH","536","80","21","77","19",".263",".333","141","29","4","57","121",".452",".785","94%"
"Kyle Schwarber","PHI","DH","547","95","37","95","4",".225",".342","123","21","1","97","192",".475",".817","95%"
"CJ Abrams","WSH","SS","548","80","18","64","34",".251",".298","138","28","4","37","118",".418",".716","85%"
"Teoscar Hernandez","LAD","LF,RF","576","82","29","95","9",".259",".314","149","28","1","46","183",".467",".781","90%"
"James Wood","WSH","LF","523","77","20","72","19",".261",".344","137","29","4","66","162",".444",".788","83%"
"Brent Rooker","ATH","DH","552","83","36","93","8",".254",".326","140","25","2","59","185",".502",".828","89%"
"Marcell Ozuna","ATL","DH","569","84","33","97","1",".262",".334","149","26","1","62","156",".483",".817","93%"
"Lawrence Butler","ATH","RF","561","79","24","72","19",".249",".308","139","28","3","48","149",".439",".747","81%"
"Marcus Semien","TEX","2B","598","90","22","74","11",".249",".316","149","29","3","59","104",".421",".737","100%"
"Willy Adames","SF","SS","578","81","25","83","13",".242",".319","140","31","1","65","157",".431",".750","92%"
"Anthony Santander","TOR","RF,DH","577","82","34","96","2",".242",".309","140","30","1","55","133",".476",".785","99%"
"Josh Naylor","ARI","1B","545","73","22","89","7",".264",".327","144","30","1","51","94",".443",".770","96%"
"Christian Walker","HOU","1B","551","79","30","91","5",".240",".315","132","26","1","61","143",".458",".773","90%"
"Adley Rutschman","BAL","C,DH","528","75","18","70","2",".258",".341","136","27","1","67","96",".420",".761","100%"
"Bryan Reynolds","PIT","LF,RF,DH","581","80","22","79","9",".264",".330","153","29","3","57","145",".440",".770","91%"
"Brenton Doyle","COL","CF","573","78","21","69","27",".248",".298","142","25","5","41","178",".421",".720","47%"
"Jordan Westburg","BAL","2B,3B","517","71","20","72","9",".257",".309","133","29","4","39","128",".446",".754","69%"
"Luis Robert Jr.","CWS","CF","553","75","25","73","24",".246",".293","136","29","1","36","173",".439",".732","30%"
"Junior Caminero","TB","3B","542","70","25","81","5",".263",".309","142","23","2","37","124",".453",".762","84%"
"Mark Vientos","NYM","3B","561","74","29","88","1",".243",".302","136","25","1","48","180",".448",".751","38%"
"Alex Bregman","BOS","3B","573","83","22","82","3",".260",".334","149","30","2","64","84",".439",".773","99%"
"Seiya Suzuki","CHC","RF,DH","493","73","20","71","12",".264",".342","130","25","4","59","141",".452",".794","88%"
"Riley Greene","DET","LF,CF,DH","555","83","22","75","7",".266",".341","147","28","5","64","159",".456",".797","85%"
"Matt McLain","CIN","2B,SS","501","76","21","71","18",".252",".326","126","28","3","55","156",".452",".778","75%"
"Cody Bellinger","NYY","1B,CF,RF,DH","531","74","22","77","12",".253",".313","134","26","2","46","104",".433",".746","94%"
"Triston Casas","BOS","1B","505","74","26","80","1",".246",".344","124","26","1","75","156",".456",".800","58%"
"Salvador Perez","KC","C,1B,DH","541","63","24","84","0",".256",".298","139","24","1","32","130",".443",".741","94%"
"Vinnie Pasquantino","KC","1B,DH","542","73","23","84","2",".264",".332","143","32","2","55","81",".457",".789","91%"
"Cal Raleigh","SEA","C","513","69","30","83","3",".222",".302","114","22","1","58","159",".446",".748","92%"
"Yainer Diaz","HOU","C,DH","525","66","20","76","1",".280",".312","147","27","2","25","100",".451",".763","98%"
"Royce Lewis","MIN","3B,DH","473","67","24","74","7",".252",".315","119","24","1","43","122",".458",".772","49%"
"Ian Happ","CHC","LF","566","84","22","78","12",".243",".334","138","31","2","77","159",".422",".757","92%"
"Willson Contreras","STL","C,DH","493","72","23","72","6",".247",".329","122","25","1","60","141",".439",".768","84%"
"Randy Arozarena","SEA","LF","547","79","21","73","23",".238",".321","130","27","1","66","159",".409",".729","83%"
"Christian Yelich","MIL","LF,DH","481","76","16","63","22",".265",".357","128","23","2","68","122",".425",".781","88%"
"Mike Trout","LAA","CF","428","72","28","72","8",".257",".345","110","20","3","58","131",".518",".863","90%"
"Ezequiel Tovar","COL","SS","620","78","22","79","10",".262",".295","162","37","4","29","174",".440",".735","23%"
"Jake Burger","TEX","1B,3B,DH","535","71","30","82","2",".243",".291","130","24","2","36","156",".466",".757","64%"
"Matt Chapman","SF","3B","560","81","25","79","9",".240",".319","134","31","2","65","164",".441",".761","83%"
"Will Smith","LAD","C","438","66","19","68","2",".252",".330","111","22","2","51","91",".442",".772","98%"
"Bo Bichette","TOR","SS","571","75","17","72","10",".276",".318","158","31","2","35","118",".429",".747","62%"
"Steven Kwan","CLE","LF","578","86","9","57","17",".279",".351","161","27","5","64","64",".390",".741","98%"
"Adolis Garcia","TEX","RF,DH","549","75","27","83","11",".233",".293","128","25","1","46","169",".436",".728","80%"
"Anthony Volpe","NYY","SS","579","79","16","65","27",".237",".297","137","29","4","49","145",".387",".684","32%"
"Dylan Crews","WSH","RF","526","68","15","61","26",".244",".298","128","25","4","41","130",".391",".689","48%"
"Luis Garcia","WSH","2B","510","62","16","65","15",".273",".314","139","26","3","30","87",".427",".741","49%"
"Spencer Steer","CIN","1B,LF","468","63","17","66","14",".243",".322","114","27","2","54","111",".421",".743","88%"
"Nick Castellanos","PHI","RF","580","73","22","82","7",".254",".300","147","30","2","38","148",".425",".724","71%"
"Brice Turang","MIL","2B","521","65","8","51","36",".248",".312","129","23","3","49","107",".352",".664","36%"
"Xander Bogaerts","SD","2B,SS","554","72","16","66","14",".267",".325","148","26","1","48","110",".405",".731","87%"
"Pete Crow-Armstrong","CHC","CF","493","68","15","60","30",".243",".290","120","22","6","32","138",".402",".691","20%"
"Jasson Dominguez","NYY","LF","475","67","17","61","22",".246",".318","117","20","2","51","134",".411",".729","28%"
"Shea Langeliers","ATH","C","459","59","25","70","4",".228",".288","105","20","2","39","136",".451",".739","65%"
"Colton Cowser","BAL","LF,CF,RF","486","72","20","68","9",".242",".324","118","23","2","59","165",".425",".749","14%"
"Paul Goldschmidt","NYY","1B","554","75","23","79","8",".247",".318","137","28","1","57","162",".429",".747","41%"
"Masyn Winn","STL","SS","584","81","14","63","16",".255",".308","149","29","5","44","114",".395",".702","64%"
"Brandon Nimmo","NYM","LF,CF","511","77","18","68","7",".248",".333","127","24","3","66","130",".413",".746","78%"
"Josh Lowe","TB","RF","476","64","17","64","25",".251",".313","119","27","2","43","154",".427",".739","10%"
"Eugenio Suarez","ARI","3B","533","71","24","80","2",".235",".306","125","24","1","55","171",".418",".724","29%"
"Alec Bohm","PHI","3B","560","71","16","79","5",".275",".325","154","33","2","41","95",".428",".753","91%"
"Jeremy Pena","HOU","SS","595","77","16","69","17",".262",".300","155","29","2","33","121",".399",".700","70%"
"Logan O'Hoppe","LAA","C","432","57","21","60","3",".242",".303","104","17","1","38","126",".431",".734","29%"
"Jurickson Profar","ATL","LF","531","78","16","66","7",".256",".339","136","27","1","66","100",".400",".739","89%"
"J.T. Realmuto","PHI","C","427","57","16","58","8",".252",".306","108","21","2","33","117",".429",".734","52%"
"Dansby Swanson","CHC","SS","575","78","20","75","15",".244",".312","140","27","2","56","156",".401",".712","52%"
"Xavier Edwards","MIA","SS","521","68","4","43","32",".281",".346","146","24","4","52","86",".365",".711","18%"
"Isaac Paredes","HOU","3B","518","73","23","77","2",".241",".328","125","25","1","67","101",".426",".753","86%"
"Taylor Ward","LAA","LF","563","78","23","76","7",".251",".325","141","27","2","62","149",".428",".753","57%"
"Lane Thomas","CLE","CF,RF","505","69","17","63","23",".241",".303","122","27","3","45","143",".406",".709","10%"
"Zach Neto","LAA","SS","469","65","19","64","21",".249",".302","117","26","1","36","118",".432",".734","14%"
"Tyler O'Neill","BAL","LF,RF","419","63","24","65","6",".236",".315","99","17","1","49","145",".454",".769","16%"
"Nico Hoerner","CHC","2B","502","67","7","50","27",".273",".323","137","25","2","37","62",".373",".696","89%"
"Yandy Diaz","TB","1B,DH","555","77","17","69","2",".285",".356","158","30","1","62","94",".432",".788","76%"
"Andres Gimenez","TOR","2B","551","70","12","62","27",".259",".300","143","28","3","32","102",".386",".685","60%"
"Tyler Stephenson","CIN","C","424","56","15","59","1",".254",".323","108","22","1","43","113",".418",".740","60%"
"Kerry Carpenter","DET","RF,DH","447","60","22","70","3",".256",".312","115","21","4","36","123",".469",".781","26%"
"Bryson Stott","PHI","2B","523","68","12","58","26",".255",".318","134","24","3","48","99",".383",".700","65%"
"Heliot Ramos","SF","LF,CF","526","67","22","70","8",".249",".306","131","24","3","43","153",".431",".737","12%"
"Lourdes Gurriel Jr.","ARI","LF","520","66","17","73","6",".271",".314","141","28","2","32","101",".428",".742","73%"
"Cedric Mullins II","BAL","CF","476","66","16","59","27",".238",".301","113","22","3","43","107",".403",".704","22%"
"Luis Arraez","SD","1B,2B,DH","601","78","6","59","7",".307",".347","184","31","3","37","36",".400",".747","99%"
"Nolan Arenado","STL","3B","570","68","20","78","3",".257",".311","147","28","1","45","94",".413",".724","93%"
"George Springer","TOR","RF,DH","534","75","19","66","14",".241",".312","129","22","2","55","115",".401",".713","75%"
"Michael Toglia","COL","1B","482","63","24","67","7",".225",".304","108","20","3","55","167",".428",".732","5%"
"Josh Jung","TEX","3B","493","61","20","66","5",".248",".290","122","22","2","29","146",".424",".714","8%"
"Tommy Edman","LAD","SS,CF","502","70","14","59","23",".247",".301","124","25","3","39","99",".390",".691","60%"
"Jorge Soler","LAA","RF,DH","487","71","27","75","1",".233",".319","114","24","1","62","144",".453",".772","14%"
"Luis Rengifo","LAA","2B,3B","497","66","14","57","20",".260",".309","129","21","3","35","89",".402",".711","9%"
"Carlos Correa","MIN","SS","481","70","19","67","1",".269",".346","129","26","2","57","106",".453",".799","71%"
"Victor Robles","SEA","LF,CF,RF","459","63","8","44","34",".251",".307","115","23","2","38","108",".364",".671","5%"
"Gleyber Torres","DET","2B","565","74","17","66","9",".257",".329","145","27","1","61","115",".400",".729","77%"
"Jackson Holliday","BAL","2B","400","62","11","46","8",".234",".329","94","21","2","57","121",".379",".708","47%"
"Alec Burleson","STL","LF,RF,DH","446","56","16","60","6",".269",".317","120","21","1","31","67",".426",".743","75%"
"Jake McCarthy","ARI","LF,CF,RF","459","65","8","51","28",".265",".318","122","19","6","36","90",".386",".705","11%"
"Austin Wells","NYY","C","405","52","17","56","4",".231",".307","93","21","1","45","105",".410",".717","24%"
"Nathaniel Lowe","WSH","1B","531","69","16","70","2",".265",".348","140","24","2","68","130",".407",".755","30%"
"Max Muncy","LAD","3B","442","71","24","75","2",".214",".328","95","19","1","75","141",".429",".757","54%"
"Ryan Mountcastle","BAL","1B","477","60","18","67","3",".260",".310","124","24","1","35","122",".433",".744","8%"
"Jonathan India","KC","2B","518","78","14","60","12",".252",".335","130","28","2","65","116",".396",".731","66%"
"Byron Buxton","MIN","CF","425","65","23","67","8",".242",".299","103","25","2","34","132",".478",".777","11%"
"Ceddanne Rafaela","BOS","SS,CF","404","52","11","49","16",".247",".275","100","20","3","16","106",".400",".675","10%"
"Parker Meadows","DET","CF","475","65","14","52","18",".233",".301","111","21","6","46","124",".394",".695","7%"
"Michael Busch","CHC","1B","485","67","20","69","3",".238",".318","115","24","2","57","152",".417",".735","14%"
"Gabriel Moreno","ARI","C","411","53","9","52","5",".278",".346","114","23","1","43","76",".405",".752","49%"
"Rhys Hoskins","MIL","1B,DH","474","63","25","74","3",".221",".304","105","20","1","57","151",".425",".729","8%"
"Jung Hoo Lee","SF","CF","525","67","11","60","8",".282",".339","148","31","3","45","52",".415",".754","70%"
"Maikel Garcia","KC","2B,3B","515","68","7","51","28",".256",".312","132","26","4","42","102",".365",".678","66%"
"Brandon Lowe","TB","2B,DH","447","66","23","69","6",".240",".313","107","22","2","48","129",".459",".771","6%"
"JJ Bleday","ATH","CF","546","74","21","70","5",".228",".317","124","30","3","71","133",".412",".729","39%"
"TJ Friedl","CIN","CF","470","66","15","59","17",".245",".310","115","19","4","44","90",".398",".708","5%"
"Trevor Story","BOS","SS","475","60","15","60","21",".229",".292","109","25","1","43","152",".386",".678","5%"
"Francisco Alvarez","NYM","C","364","49","18","55","2",".233",".306","85","15","1","38","101",".425",".731","39%"
"Christian Encarnacion-Strand","CIN","1B","360","47","17","56","2",".258",".304","93","19","1","24","105",".458",".762","3%"
"Jordan Walker","STL","RF","484","59","16","61","7",".249",".304","121","26","2","38","124",".413",".717","3%"
"Evan Carter","TEX","LF","409","60","13","50","12",".240",".324","98","20","4","51","115",".404",".729","5%"
"Nolan Jones","COL","LF","417","56","14","53","10",".249",".337","104","23","2","55","143",".414",".751","3%"
"Matt Shaw","CHC","2B,3B,SS","435","57","14","54","18",".246",".309","107","17","3","40","105",".398",".707","32%"
"Ryan McMahon","COL","3B","555","71","20","70","6",".240",".321","133","27","1","66","182",".407",".727","4%"
"Lars Nootbaar","STL","LF,CF,RF","442","65","17","57","9",".248",".346","110","22","2","66","105",".424",".770","12%"
"Zack Gelof","ATH","2B","536","68","20","63","23",".226",".287","121","25","2","46","185",".392",".679","3%"
"Joc Pederson","TEX","DH","377","59","21","62","4",".250",".337","94","16","2","49","105",".479",".816","6%"
"Colt Keith","DET","2B","481","61","15","61","5",".260",".318","125","23","4","41","110",".416",".733","8%"
"Ryan Jeffers","MIN","C,DH","364","49","17","52","3",".237",".301","86","18","1","34","94",".431",".733","11%"
"Keibert Ruiz","WSH","C","446","47","14","55","3",".248",".288","111","22","0","25","55",".392",".680","69%"
"Garrett Mitchell","MIL","CF,RF","409","58","14","53","21",".240",".315","98","19","3","45","140",".405",".720","3%"
"Brendan Donovan","STL","2B,LF","518","68","12","62","6",".275",".340","143","27","2","51","79",".405",".745","88%"
"Matt Wallner","MIN","LF,RF","428","61","21","64","4",".234",".313","100","23","2","49","167",".445",".758","2%"
"Connor Norby","MIA","2B,3B","518","69","17","61","10",".244",".306","127","28","2","46","159",".406",".711","12%"
"Tyler Soderstrom","ATH","1B","469","55","22","65","1",".228",".287","107","21","2","39","138",".420",".707","2%"
"Tyler Fitzgerald","SF","SS","509","67","18","62","19",".232",".284","118","24","3","37","170",".397",".681","3%"
"Ivan Herrera","STL","C","332","46","9","40","5",".259",".344","86","16","1","43","82",".393",".736","5%"
"Wilyer Abreu","BOS","RF","391","56","15","55","9",".242",".325","95","23","1","48","119",".428",".753","4%"
"Nolan Schanuel","LAA","1B","481","65","12","54","8",".254",".343","122","20","1","65","93",".374",".717","6%"
"Jesus Sanchez","MIA","RF","486","62","20","67","10",".253",".316","123","25","2","45","138",".437",".753","3%"
"Andrew Vaughn","CWS","1B,DH","557","65","22","76","1",".254",".305","141","30","1","41","124",".429",".734","5%"
"Jake Cronenworth","SD","1B,2B","524","69","15","66","5",".239",".311","125","27","4","54","111",".390",".701","73%"
"Willi Castro","MIN","2B,3B,SS,LF,CF","512","72","12","56","19",".245",".302","125","26","4","42","133",".383",".685","39%"
"Connor Wong","BOS","C","360","44","10","42","7",".248",".294","89","19","1","23","103",".394",".687","5%"
"Daulton Varsho","TOR","LF,CF","499","69","21","66","13",".221",".290","110","23","4","48","139",".409",".698","2%"
"Sean Murphy","ATL","C","335","46","15","49","0",".235",".312","79","16","1","37","89",".424",".736","9%"
"Christopher Morel","TB","2B,3B,DH","453","62","22","66","9",".231",".303","105","19","3","47","138",".437",".740","19%"
"Giancarlo Stanton","NYY","DH","309","41","20","54","0",".226",".298","70","12","0","32","105",".470",".768","6%"
"Josh Bell","WSH","1B,DH","498","60","18","66","1",".246",".321","123","22","1","54","112",".406",".726","9%"
"Michael Conforto","LAD","LF,DH","415","57","18","62","2",".237",".311","98","19","1","44","113",".426",".737","4%"
"Luke Raley","SEA","1B,LF,RF","411","56","19","58","10",".232",".287","95","18","2","32","138",".424",".711","2%"
"Roman Anthony","BOS","CF","291","41","8","35","7",".244",".325","71","17","2","35","86",".394",".720","5%"
"Jo Adell","LAA","RF","421","57","21","61","13",".224",".284","94","19","2","35","138",".431",".714","1%"
"Jacob Young","WSH","CF","468","59","3","38","30",".248",".297","116","21","3","33","97",".323",".620","2%"
"Thairo Estrada","COL","2B","457","57","13","54","12",".261",".296","119","22","2","22","97",".408",".704","4%"
"Jeimer Candelario","CIN","1B,3B,DH","451","58","18","63","5",".239",".297","108","26","2","38","121",".426",".723","4%"
"Brandon Marsh","PHI","LF,CF","442","61","14","56","15",".246",".324","109","21","4","51","155",".405",".729","2%"
"Masataka Yoshida","BOS","DH","346","44","10","46","3",".277",".332","96","19","1","29","50",".423",".756","4%"
"Kristian Campbell","BOS","2B,SS,CF","225","32","6","29","6",".262",".333","59","12","1","24","59",".416",".749","6%"
"Ha-Seong Kim","TB","SS","376","51","10","42","18",".244",".326","92","17","2","46","76",".380",".706","5%"
"Kyle Manzardo","CLE","DH","399","53","17","56","1",".236",".317","94","24","1","47","101",".432",".748","3%"
"Bo Naylor","CLE","C","367","46","14","46","7",".215",".297","79","17","1","42","112",".382",".679","2%"
"Alejandro Kirk","TOR","C","373","42","9","47","0",".263",".336","98","18","1","41","52",".392",".728","36%"
"Joey Ortiz","MIL","3B","511","66","12","61","12",".247",".312","126","28","5","49","116",".390",".702","6%"
"Joey Bart","PIT","C","331","40","12","42","1",".238",".298","79","14","0","28","104",".390",".688","2%"
"Matt Vierling","DET","3B,CF,RF","428","56","11","46","7",".252",".311","108","21","3","37","99",".395",".706","4%"
"Ke'Bryan Hayes","PIT","3B","503","58","11","52","14",".252",".303","127","24","3","37","106",".374",".677","3%"
"Carlos Santana","CLE","1B","494","60","18","65","3",".225",".308","111","22","0","60","100",".384",".692","16%"
"Chas McCormick","HOU","LF,RF","379","50","13","48","12",".237",".301","90","14","1","34","112",".387",".688","1%"
"Jonathan Aranda","TB","1B","344","48","14","48","1",".250",".326","86","16","1","39","99",".429",".755","2%"
"Jonah Heim","TEX","C","335","38","11","42","1",".228",".282","76","14","1","25","69",".376",".658","6%"
"Hyeseong Kim","LAD","2B","372","47","5","38","15",".260",".310","97","17","2","27","73",".360",".670","7%"
"Spencer Horwitz","PIT","1B,2B","375","50","10","46","3",".265",".351","99","23","1","50","81",".409",".760","27%"
"Ryan O'Hearn","BAL","1B,DH","370","49","14","52","3",".263",".321","97","18","2","31","74",".437",".757","3%"
"Jhonkensy Noel","CLE","RF","318","39","16","46","1",".225",".275","72","15","1","22","95",".426",".702","2%"
"J.D. Martinez","","DH","355","44","15","53","0",".238",".306","85","20","1","35","113",".422",".727","1%"
"Patrick Bailey","SF","C","412","47","10","46","3",".233",".298","96","19","1","38","108",".358",".656","3%"
"Michael Massey","KC","2B","430","53","15","57","4",".253",".294","109","24","2","25","89",".421",".715","1%"
"Danny Jansen","TB","C","307","41","14","43","1",".225",".304","69","15","0","35","70",".413",".717","1%"
"Otto Lopez","MIA","2B","425","50","6","41","16",".268",".314","114","22","3","29","81",".377",".692","1%"
"Heston Kjerstad","BAL","LF","337","46","13","46","2",".250",".308","84","16","2","28","98",".421",".729","2%"
"Trevor Larnach","MIN","LF,DH","410","58","16","58","3",".242",".323","99","20","1","49","124",".416",".740","1%"
"Pavin Smith","ARI","1B,LF,RF","282","38","10","40","1",".244",".329","69","14","1","36","68",".410",".739","1%"
"Sal Frelick","MIL","LF,CF,RF","404","51","4","39","14",".257",".316","104","19","3","35","67",".354",".670","6%"
"Andy Pages","LAD","CF,RF","222","32","9","32","2",".243",".305","54","12","1","20","61",".438",".743","1%"
"Noelvi Marte","CIN","3B","179","21","5","20","6",".239",".288","43","8","0","12","50",".371",".658","1%"
"Max Kepler","PHI","RF","411","53","15","54","2",".241",".304","99","20","2","37","92",".405",".709","2%"
"Starling Marte","NYM","RF","278","37","6","31","13",".259",".306","72","12","1","19","65",".379",".686","1%"
"Gavin Lux","CIN","2B","405","56","10","47","6",".255",".327","103","21","3","43","101",".398",".725","3%"
"Dylan Moore","SEA","2B,3B,SS,LF","323","46","10","36","24",".206",".296","67","16","2","42","109",".367",".663","9%"
"Nolan Gorman","STL","2B","399","53","21","60","5",".223",".294","89","16","0","40","146",".428",".722","4%"
"Spencer Torkelson","DET","1B","271","35","11","36","1",".224",".303","61","14","1","31","82",".407",".710","2%"
"Jose Miranda","MIN","3B,DH","345","40","9","43","2",".262",".304","90","20","1","21","60",".412",".716","2%"
"Hunter Goodman","COL","C,RF","287","35","14","44","2",".236",".283","68","16","1","19","85",".452",".735","1%"
"MJ Melendez","KC","LF","423","55","17","56","5",".230",".305","98","22","3","46","119",".419",".725","1%"
"Jake Fraley","CIN","RF","374","48","11","44","18",".253",".320","95","18","1","37","83",".392",".712","1%"
"Andrew Benintendi","CWS","LF","440","53","11","50","6",".254",".318","112","22","1","41","83",".388",".706","3%"
"Deyvison De Los Santos","MIA","1B,3B","313","35","12","40","1",".243",".279","76","13","1","16","91",".412",".691","1%"
"Jeff McNeil","NYM","2B","455","56","9","50","5",".258",".309","117","25","1","34","64",".376",".685","4%"
"Jonny DeLuca","TB","CF,RF","410","50","13","48","15",".230",".286","94","20","3","32","91",".387",".673","1%"
"Jorge Polanco","SEA","2B","431","51","16","54","4",".223",".302","96","17","1","49","130",".381",".684","1%"
"Jose Caballero","TB","2B,3B,SS","274","36","6","28","25",".222",".285","61","13","1","24","78",".343",".628","7%"
"Isiah Kiner-Falefa","PIT","2B,3B,SS","458","53","6","43","15",".261",".300","120","19","3","25","77",".353",".652","1%"
"LaMonte Wade Jr.","SF","1B","397","57","13","46","3",".241",".346","96","17","1","63","99",".387",".733","1%"
"Brooks Lee","MIN","3B,SS","409","47","10","49","5",".245",".298","100","22","1","31","75",".379",".677","2%"
"Jose Siri","NYM","CF","345","47","16","46","13",".209",".263","72","14","2","25","136",".395",".658","1%"
"Austin Hays","CIN","LF","408","52","14","53","4",".253",".300","103","25","1","27","106",".424",".723","1%"
"Jesse Winker","NYM","LF,DH","355","49","11","45","6",".235",".338","83","15","1","55","88",".376",".714","3%"
"Freddy Fermin","KC","C,DH","261","31","7","31","1",".252",".306","66","12","1","20","56",".379",".685","1%"
"Jacob Wilson","ATH","SS","466","58","7","48","4",".278",".319","129","30","2","28","55",".400",".719","3%"
"Jordan Lawlar","ARI","3B,SS","218","30","5","25","10",".243",".308","53","10","2","21","61",".380",".689","2%"
"Leody Taveras","TEX","CF","303","40","8","34","12",".246",".303","75","14","2","25","72",".390",".694","1%"
"Nick Gonzales","PIT","2B","431","54","10","51","5",".259",".311","112","27","4","32","107",".407",".718","2%"
"Josh Smith","TEX","3B,SS","336","45","9","39","7",".243",".312","82","17","1","34","79",".378",".690","1%"
"Luisangel Acuna","NYM","SS","160","20","3","15","9",".244",".287","39","6","1","10","34",".349",".635","2%"
"Miguel Amaya","CHC","C","282","33","8","36","1",".237",".298","67","12","1","25","66",".376",".674","1%"
"Luis Campusano","SD","C","280","34","9","36","0",".250",".298","70","12","1","19","50",".393",".691","1%"
"Coby Mayo","BAL","3B","147","18","6","19","1",".230",".301","34","8","0","15","46",".406",".707","3%"
"J.P. Crawford","SEA","SS","498","65","11","53","4",".237",".327","118","24","2","67","113",".361",".688","3%"
"Travis d'Arnaud","LAA","C","235","29","10","32","0",".232",".284","54","11","1","17","65",".416",".700","1%"
"Tommy Pham","PIT","LF,CF,RF","422","53","10","46","11",".244",".307","103","20","2","38","107",".376",".683","1%"
"Mike Yastrzemski","SF","RF","425","57","16","54","4",".222",".296","95","21","4","45","126",".404",".700","2%"
"James Outman","LAD","CF","63","9","2","8","1",".219",".300","14","2","0","7","23",".379",".679","0%"
"Eloy Jimenez","TB","DH","189","21","7","24","1",".257",".308","49","9","0","14","42",".415",".723","1%"
"Brayan Rocchio","CLE","SS","471","58","9","48","13",".235",".301","111","25","1","44","99",".351",".652","1%"
"Orlando Arcia","ATL","SS","496","58","15","58","2",".233",".290","116","22","0","39","112",".372",".661","2%"
"Ernie Clement","TOR","3B,SS","305","35","7","35","7",".262",".293","80","15","2","13","32",".391",".684","2%"
"Endy Rodriguez","PIT","C","307","38","7","36","2",".245",".306","75","18","2","27","69",".387",".693","1%"
"Anthony Rizzo","","1B","278","34","9","34","2",".229",".296","64","11","0","26","62",".367",".663","1%"
"David Hamilton","BOS","2B,SS","121","17","3","12","11",".227",".295","27","6","1","12","34",".370",".664","1%"
"Kyle Higashioka","TEX","C","266","31","13","38","2",".217",".265","58","11","1","17","80",".411",".676","1%"
"Jonah Bride","MIA","1B","352","43","10","43","1",".237",".326","84","17","1","46","83",".372",".698","0%"
"Caleb Durbin","MIL","2B,3B","219","28","4","24","12",".235",".303","52","12","1","21","32",".352",".655","2%"
"Victor Scott","STL","CF","256","30","4","22","18",".222",".273","57","10","2","18","57",".323",".597","1%"
"Paul DeJong","WSH","3B,SS","299","33","13","38","2",".208",".258","62","12","0","20","103",".376",".634","0%"
"Chase DeLauter","CLE","CF,RF","97","12","3","12","1",".252",".310","24","6","0","8","19",".404",".714","1%"
"Mitch Garver","SEA","C,DH","274","33","12","37","0",".204",".297","56","11","0","36","91",".377",".674","1%"
"Dalton Rushing","LAD","C,LF","108","13","4","14","0",".219",".302","24","5","0","13","31",".387",".688","1%"
"Kris Bryant","COL","1B,RF","390","46","12","46","1",".243",".309","95","18","1","37","108",".387",".696","2%"
"Bryan De La Cruz","ATL","LF,RF,DH","159","19","5","20","1",".247",".292","39","7","0","10","44",".401",".693","2%"
"Yoan Moncada","LAA","3B","418","50","12","48","3",".240",".304","100","22","2","39","129",".388",".692","0%"
"Alex Verdugo","","LF","377","48","9","45","3",".255",".313","96","20","1","32","64",".390",".703","5%"
"Andrew McCutchen","PIT","DH","397","51","14","48","5",".229",".319","91","17","1","52","110",".379",".698","1%"
"Miguel Vargas","CWS","3B,LF","388","50","12","46","8",".226",".313","88","20","1","49","95",".383",".695","1%"
"Jordan Beck","COL","LF,RF","365","43","11","42","9",".238",".303","87","19","2","34","117",".392",".695","0%"
"Esteury Ruiz","ATH","LF,CF","120","17","3","12","13",".247",".297","30","6","1","9","29",".370",".667","0%"
"Seth Brown","ATH","1B,LF,RF","303","35","14","41","4",".232",".287","70","13","1","24","89",".420",".708","1%"
"Jace Jung","DET","3B","294","35","9","34","2",".221",".312","65","14","1","39","88",".364",".676","1%"
"Mike Tauchman","CWS","RF,DH","341","49","8","35","6",".238",".335","81","15","1","49","85",".364",".699","0%"
"Jose Tena","WSH","3B","274","31","7","31","7",".250",".293","68","13","1","17","80",".381",".674","0%"
"Geraldo Perdomo","ARI","SS","440","63","6","44","14",".244",".325","107","21","3","53","84",".348",".673","1%"
"Lenyn Sosa","CWS","2B,3B","309","32","10","35","2",".247",".281","76","14","1","14","70",".390",".670","0%"
"Jarred Kelenic","ATL","LF,CF","198","27","7","26","5",".237",".303","47","10","1","19","62",".409",".711","1%"
"Ty France","MIN","1B","371","45","10","45","1",".254",".308","94","19","0","29","77",".393",".701","1%"
"Vaughn Grissom","BOS","2B","79","10","1","9","2",".259",".323","21","4","0","8","17",".366",".689","1%"
"Jake Meyers","HOU","CF","391","49","11","46","8",".235",".291","92","18","2","31","105",".381",".672","1%"
"Kyle Isbel","KC","CF","437","60","10","47","13",".237",".289","103","21","5","32","101",".377",".666","1%"
"Emmanuel Rodriguez","MIN","CF","53","9","2","7","2",".214",".344","11","2","0","10","21",".393",".737","1%"
"Agustin Ramirez","MIA","C,1B","201","24","7","24","4",".235",".297","47","10","0","18","48",".389",".686","0%"
"Cam Smith","HOU","3B","65","8","2","8","1",".213",".265","14","2","1","5","18",".364",".629","1%"
"Elias Diaz","SD","C","284","29","8","33","0",".229",".279","65","13","0","19","70",".355",".634","0%"
"Jake Rogers","DET","C","324","40","13","40","2",".210",".270","68","14","1","26","107",".378",".648","1%"
"Colson Montgomery","CWS","SS","380","42","10","39","4",".204",".281","78","15","2","40","125",".329",".610","1%"
"Jerar Encarnacion","SF","RF","267","32","11","37","2",".235",".299","63","10","1","25","99",".403",".702","0%"
"Brandon Drury","CWS","2B","235","26","8","28","1",".229",".280","54","11","1","17","61",".383",".664","0%"
"Drake Baldwin","ATL","C","160","19","4","20","0",".233",".309","37","7","0","17","41",".356",".665","2%"
"David Fry","CLE","C,1B,DH","165","21","6","22","2",".243",".312","40","9","1","16","43",".413",".725","1%"
"Tyler Black","MIL","1B","202","27","5","24","9",".231",".316","47","9","2","25","53",".372",".688","0%"
"Harrison Bader","MIN","CF","313","40","8","36","15",".238",".281","75","15","1","18","70",".375",".655","1%"
"Curtis Mead","TB","2B,3B","146","18","4","18","2",".254",".304","37","8","1","10","31",".397",".701","1%"
"Edouard Julien","MIN","2B","279","39","9","31","5",".227",".333","63","12","1","44","104",".371",".704","1%"
"Jack Suwinski","PIT","LF,CF,RF","127","17","6","17","3",".218",".302","28","6","1","15","43",".411",".713","0%"
"Wilmer Flores","SF","1B","297","36","10","38","0",".239",".306","71","14","0","29","51",".393",".699","0%"
"Gio Urshela","ATH","3B","339","35","7","37","1",".261",".302","89","16","1","20","61",".378",".681","0%"
"Jacob Stallings","COL","C","242","26","6","27","1",".233",".303","56","12","0","24","65",".356",".659","0%"
"Adrian Del Castillo","ARI","C","123","15","4","16","1",".229",".296","28","6","0","12","35",".382",".678","0%"
"Jose Abreu","","1B","128","14","3","16","0",".233",".283","30","6","0","9","30",".360",".643","0%"
"Hunter Renfroe","KC","RF","347","42","14","46","1",".235",".297","82","18","0","30","82",".410",".707","1%"
"Tim Anderson","LAA","SS","99","10","1","7","2",".249",".281","25","3","0","4","26",".315",".596","0%"
"Justin Turner","CHC","1B,DH","305","37","8","38","1",".248",".317","76","15","0","31","64",".371",".689","1%"
"Gary Sanchez","BAL","C,DH","218","27","10","31","1",".214",".287","47","8","1","23","66",".400",".687","0%"
"Trey Sweeney","DET","SS","308","37","8","32","9",".218",".284","67","14","2","28","92",".358",".642","1%"
"Josh Rojas","CWS","3B","330","40","7","32","10",".235",".309","78","15","1","35","82",".354",".663","0%"
"Marco Luciano","SF","2B,SS","67","8","2","7","1",".216",".297","14","3","0","8","22",".324",".621","0%"
"Taylor Walls","TB","SS","200","26","4","19","11",".204",".295","41","9","1","26","57",".316",".611","0%"
"Edgar Quero","CWS","C","137","15","4","17","1",".244",".315","34","6","0","14","30",".386",".700","0%"
"Brendan Rodgers","HOU","2B","259","32","7","30","1",".248",".298","64","13","1","18","64",".385",".682","0%"
"Kyle Stowers","MIA","LF","388","45","15","52","2",".224",".290","87","19","2","36","133",".403",".693","1%"
"Colby Thomas","ATH","LF,RF","103","12","3","13","2",".222",".263","23","6","1","6","32",".394",".657","0%"
"Nelson Velazquez","KC","DH","124","16","5","17","2",".225",".292","28","6","1","12","38",".418",".711","0%"
"Tirso Ornelas","SD","LF","265","30","7","30","3",".235",".293","62","13","1","22","63",".364",".657","0%"
"Christian Moore","LAA","2B","247","34","9","31","3",".242",".292","60","11","1","18","76",".407",".700","1%"
"Will Benson","CIN","LF,CF,RF","180","26","7","22","9",".208",".305","38","9","2","25","72",".385",".689","0%"
"Mauricio Dubon","HOU","1B,2B,LF,CF","325","38","6","34","4",".257",".291","84","17","1","15","48",".366",".657","3%"
"Kevin Newman","LAA","2B,SS","211","24","2","19","5",".245",".287","52","10","1","13","37",".336",".623","0%"
"Marcelo Mayer","BOS","SS","49","6","1","5","1",".252",".312","12","3","0","4","13",".385",".697","1%"
"Carson Williams","TB","SS","99","13","4","12","3",".230",".292","23","5","1","9","35",".403",".695","1%"
"Vidal Brujan","CHC","2B,SS","120","15","2","11","5",".223",".287","27","5","1","11","27",".329",".616","0%"
"Carson Kelly","CHC","C","248","29","7","29","1",".228",".296","57","10","0","24","56",".361",".657","0%"
"Amed Rosario","WSH","2B,RF,DH","207","24","3","21","7",".263",".294","54","9","2","9","42",".373",".668","0%"
"Kyle Teel","CWS","C","155","19","4","16","3",".237",".313","37","7","0","17","44",".353",".666","1%"
"Alek Thomas","ARI","CF","275","36","7","34","7",".250",".298","69","14","2","19","56",".396",".694","0%"
"Max Schuemann","ATH","3B,SS","117","15","2","11","4",".216",".295","25","5","0","13","35",".317",".612","0%"
"Chandler Simpson","TB","LF,CF","77","10","0","6","8",".274",".322","21","3","0","5","10",".333",".655","1%"
"Henry Davis","PIT","C","83","10","3","10","1",".225",".299","19","4","0","9","25",".364",".662","0%"
"Nick Fortes","MIA","C","307","32","7","30","3",".230",".272","70","13","1","18","52",".345",".617","0%"
"Ronny Mauricio","NYM","2B","80","9","2","9","3",".233",".274","19","4","0","5","19",".375",".649","1%"
"Nick Yorke","PIT","2B","151","18","3","17","4",".252",".311","38","8","0","13","38",".372",".683","0%"
"Will Wagner","TOR","2B","300","38","6","34","3",".259",".330","78","16","1","32","62",".380",".710","0%"
"Nick Kurtz","ATH","1B","33","5","1","3","0",".237",".308","8","2","0","3","9",".381",".689","1%"
"Johan Rojas","PHI","CF","289","37","4","28","20",".246",".281","71","13","2","14","62",".351",".633","1%"
"Edmundo Sosa","PHI","2B,3B,SS","167","22","5","20","4",".243",".277","41","8","1","8","44",".391",".668","0%"
"Oswaldo Cabrera","NYY","3B","338","43","10","39","7",".236",".292","80","16","1","27","80",".375",".668","1%"
"Zach McKinstry","DET","3B,SS","198","24","4","18","7",".229",".291","45","9","2","17","47",".359",".650","0%"
"Richie Palacios","TB","2B,LF,RF","276","37","5","29","10",".235",".324","65","14","1","36","58",".352",".675","1%"
"Christian Vazquez","MIN","C","273","28","6","27","2",".233",".275","64","11","0","16","61",".338",".613","0%"
"Randal Grichuk","ARI","RF,DH","248","32","9","34","1",".256",".302","63","14","1","16","55",".427",".729","0%"
"Jose Trevino","CIN","C","229","26","7","28","1",".237",".286","54","9","0","16","44",".373",".658","0%"
"Ben Rice","NYY","1B","114","16","6","17","1",".226",".310","26","5","0","14","32",".421",".731","1%"
"Mickey Moniak","LAA","CF","293","36","12","37","6",".229",".268","67","13","2","16","92",".407",".675","0%"
"Wenceel Perez","DET","CF,RF","300","39","7","31","9",".238",".300","71","14","4","27","67",".378",".678","0%"
"Victor Caratini","HOU","C","192","23","6","24","1",".242",".307","46","7","0","18","44",".374",".681","0%"
"Miguel Andujar","ATH","LF","313","35","7","35","4",".265",".306","83","16","1","19","49",".392",".698","0%"
"Ryan Bliss","SEA","2B","238","30","6","24","16",".217",".279","51","11","1","21","70",".346",".625","0%"
"Bryce Eldridge","SF","1B","78","9","3","10","1",".232",".294","18","4","0","7","26",".384",".677","1%"
"Dillon Dingler","DET","C","208","24","7","25","2",".223",".279","46","10","1","16","65",".373",".651","0%"
"Tyrone Taylor","NYM","LF,CF,RF","267","35","9","33","7",".232",".276","62","14","2","16","68",".398",".674","0%"
"Jason Heyward","SD","RF","302","38","10","38","4",".228",".292","69","15","1","28","71",".385",".678","0%"
"Will Brennan","CLE","RF","256","29","5","28","6",".268",".310","69","14","1","15","39",".386",".695","0%"
"Luis Torrens","NYM","C","175","20","5","21","1",".226",".280","40","8","0","13","50",".362",".642","0%"
"Ramon Urias","BAL","3B","217","27","7","27","1",".248",".304","54","10","1","17","52",".394",".698","0%"
"Pedro Pages","STL","C","207","22","6","24","1",".224",".285","46","8","1","18","59",".350",".635","0%"
"Blake Perkins","MIL","CF","217","28","4","23","10",".224",".304","49","9","1","25","64",".337",".642","0%"
"Drew Romo","COL","C","205","22","4","22","2",".242",".278","50","10","2","10","47",".370",".648","0%"
"Brett Baty","NYM","3B","117","14","4","14","0",".231",".300","27","5","0","12","33",".377",".678","1%"
"Javier Baez","DET","SS","289","32","8","33","7",".229",".266","66","13","1","15","75",".368",".635","1%"
"Dairon Blanco","KC","LF,RF","154","24","3","16","22",".252",".303","39","7","1","11","41",".376",".679","0%"
"Zach Dezenzo","HOU","1B","40","5","1","5","1",".234",".292","9","2","0","3","13",".393",".684","0%"
"Joey Loperfido","TOR","LF,CF","149","19","4","18","4",".221",".278","33","7","1","12","52",".368",".647","0%"
"Ramon Laureano","BAL","LF,RF","215","28","7","27","6",".233",".286","50","10","1","16","67",".398",".684","0%"
"Donovan Solano","SEA","1B,3B,DH","319","34","6","33","1",".253",".307","80","15","0","25","77",".355",".662","0%"
"James McCann","","C","178","20","5","21","2",".229",".273","41","8","0","11","50",".365",".638","0%"
"DJ LeMahieu","NYY","1B,3B","269","32","5","28","2",".240",".315","65","11","1","29","56",".344",".658","1%"
"Juan Brito","CLE","1B,2B,3B","221","27","5","25","3",".232",".308","51","12","0","24","47",".361",".669","0%"
"Korey Lee","CWS","C","198","20","6","20","4",".213",".255","42","8","0","11","63",".349",".604","0%"
"Mitch Haniger","SEA","RF,DH","326","38","12","41","1",".215",".283","70","12","0","31","103",".367",".650","0%"
"Derek Hill","MIA","LF,CF","263","31","7","28","8",".243",".287","64","11","3","16","79",".381",".668","0%"
"Kyle Farmer","COL","2B,3B","228","27","6","27","3",".250",".298","57","11","1","15","51",".389",".687","0%"
"Yasmani Grandal","","C","158","18","5","18","1",".227",".311","36","6","0","19","39",".358",".670","0%"
"Rob Refsnyder","BOS","LF,RF","191","26","6","25","3",".259",".335","49","10","1","22","54",".411",".746","0%"
"Sam Hilliard","COL","LF,CF","202","27","9","25","6",".228",".301","46","9","2","21","72",".417",".718","0%"
"Carlos Rodriguez","ATL","LF,CF,RF","18","2","0","2","0",".263",".336","5","1","0","2","3",".300",".636","0%"
"Owen Caissie","CHC","LF,RF","49","6","1","6","1",".225",".301","11","2","0","5","18",".357",".657","0%"
"Dane Myers","MIA","CF,RF","268","33","7","31","7",".243",".295","65","12","1","20","82",".376",".671","0%"
"Ben Rortvedt","TB","C","214","23","5","23","1",".213",".290","46","9","0","23","65",".321",".611","0%"
"Stuart Fairchild","CIN","CF,RF","189","26","7","23","8",".227",".290","43","9","1","17","58",".389",".679","0%"
"Jared Triolo","PIT","2B,3B","219","26","4","23","6",".239",".314","52","10","1","24","63",".350",".664","0%"
"Carlos Narvaez","BOS","C","162","19","4","18","2",".209",".290","34","7","0","18","55",".328",".618","0%"
"Alan Roden","TOR","LF,RF","86","11","2","10","2",".252",".322","22","4","0","9","16",".374",".696","0%"
"Tom Murphy","SF","C","135","16","5","16","1",".226",".295","31","6","0","13","44",".382",".677","0%"
"Orelvis Martinez","TOR","2B,3B","197","25","9","28","1",".219",".278","43","10","0","16","58",".410",".688","1%"
"Jose Iglesias","SD","2B,3B","284","32","4","30","3",".264",".295","75","15","1","12","50",".363",".658","0%"
"Enrique Hernandez","LAD","3B","240","29","7","30","1",".231",".287","55","12","1","19","52",".374",".662","1%"
"Travis Bazzana","CLE","2B","109","12","3","11","2",".206",".274","22","5","0","10","35",".313",".587","2%"
"Brady House","WSH","3B","48","5","1","5","0",".228",".265","11","2","0","2","15",".350",".615","0%"
"Chris Taylor","LAD","2B,3B,LF","239","32","7","29","6",".218",".298","52","11","1","27","86",".360",".659","1%"
"Oliver Dunn","MIL","3B","253","31","7","29","6",".215",".295","54","12","2","29","97",".354",".650","0%"
"Jacob Melton","HOU","CF,RF","159","19","5","17","7",".215",".265","34","6","0","11","47",".352",".617","0%"
"Michael Siani","STL","CF","229","27","3","18","12",".213",".283","49","8","1","22","64",".298",".581","0%"
"Mark Canha","MIL","1B,LF,DH","175","22","4","20","3",".241",".318","42","8","0","20","41",".358",".676","0%"
"Thomas Saggese","STL","2B","210","25","6","25","3",".239",".279","50","10","1","12","57",".381",".660","0%"
"Eric Haase","MIL","C","115","13","4","15","1",".213",".267","24","4","0","8","42",".364",".631","0%"
"Jonatan Clase","TOR","LF,CF","40","5","1","4","3",".222",".291","9","2","0","4","13",".349",".639","0%"
"Ezequiel Duran","TEX","3B","151","18","4","17","3",".246",".285","37","8","1","8","39",".395",".680","0%"
"Griffin Conine","MIA","LF,RF","304","34","11","38","1",".214",".285","65","12","1","30","119",".371",".656","0%"
"Luis Matos","SF","CF,RF","207","24","5","24","4",".246",".291","51","11","1","13","29",".378",".670","0%"
"Addison Barger","TOR","3B,RF","116","14","4","15","1",".232",".298","27","7","0","11","33",".391",".689","0%"
"Chase Meidroth","CWS","","233","30","4","23","4",".246",".340","57","10","1","33","48",".342",".683","0%"
"Connor Joe","SD","1B,RF","232","30","6","26","2",".228",".310","53","12","1","28","62",".371",".680","1%"
"Samuel Basallo","BAL","C,1B","50","6","2","6","1",".239",".296","12","2","0","4","13",".383",".679","1%"
"Matt Mervis","MIA","DH","313","35","11","39","2",".217",".285","68","15","1","30","101",".380",".665","0%"
"Shay Whitcomb","HOU","3B","43","5","2","6","1",".221",".279","10","2","0","3","13",".379",".658","0%"
"Juan Yepez","WSH","1B","96","11","3","12","1",".241",".300","23","5","0","8","21",".395",".695","0%"
"Rafael Marchan","PHI","C","114","13","2","12","1",".232",".294","26","5","0","10","22",".346",".640","0%"
"Johnathan Rodriguez","CLE","RF","117","14","4","15","1",".239",".304","28","5","0","11","39",".401",".705","0%"
"Romy Gonzalez","BOS","1B,2B,SS","93","12","3","12","4",".244",".289","23","4","1","6","28",".401",".690","0%"
"Santiago Espinal","CIN","2B,3B","174","19","3","19","4",".258",".309","45","9","0","13","28",".360",".669","0%"
"Austin Barnes","LAD","C","124","14","2","12","2",".218",".289","27","4","0","12","32",".311",".600","0%"
"Eguy Rosario","SD","3B","203","25","7","25","6",".224",".286","45","10","1","18","59",".387",".673","0%"
"Bryan Ramos","CWS","3B","110","12","3","13","1",".227",".282","25","5","0","8","28",".364",".646","0%"
"Davis Schneider","TOR","2B,LF","193","26","8","26","3",".215",".306","42","10","1","25","65",".396",".702","0%"
"Matt Thaiss","CWS","C","105","12","3","11","1",".210",".304","22","4","0","14","33",".327",".631","0%"
"Alex Jackson","NYY","C","119","14","5","15","1",".199",".256","24","5","0","9","40",".365",".621","0%"
"J.D. Davis","LAA","1B,3B","105","12","4","12","0",".222",".293","23","4","0","10","38",".370",".663","0%"
"Christian Bethancourt","TOR","C","82","9","3","10","1",".225",".259","19","4","0","4","23",".373",".632","0%"
"Moises Ballesteros","CHC","C","39","4","1","4","0",".232",".296","9","2","0","4","9",".359",".655","0%"
"Riley Adams","WSH","C","96","11","3","11","0",".221",".283","21","5","0","8","31",".365",".648","0%"
"Trent Grisham","NYY","CF","185","25","8","24","4",".207",".300","38","9","1","25","59",".388",".687","0%"
"Adael Amador","COL","2B","40","5","1","4","2",".238",".317","9","2","0","5","9",".375",".692","0%"
"Eddie Rosario","LAD","LF,RF","159","19","5","19","3",".217",".265","34","7","1","10","40",".365",".630","0%"
"Austin Slater","CWS","LF,RF","205","27","5","21","5",".233",".315","48","8","1","25","66",".356",".671","0%"
"Alex Call","WSH","RF","207","27","6","23","6",".222",".312","46","9","1","27","48",".357",".669","0%"
"Tyler Freeman","CLE","CF","173","23","4","19","6",".253",".306","44","9","1","13","28",".371",".678","0%"
"Zac Veen","COL","LF","121","15","3","13","7",".234",".298","28","5","1","11","35",".371",".670","0%"
"Jon Berti","CHC","3B","163","21","3","15","9",".246",".308","40","6","1","15","40",".342",".650","0%"
"Gavin Sheets","SD","1B,RF,DH","135","13","4","16","0",".229",".289","31","7","0","11","32",".362",".651","0%"
"Adam Frazier","PIT","2B,RF","205","24","3","19","4",".239",".296","49","10","1","17","37",".342",".638","0%"
"Tyler Heineman","TOR","C","125","14","2","11","2",".206",".281","26","4","1","13","31",".290",".572","0%"
"Billy Cook","PIT","1B,CF,RF","98","11","3","12","3",".224",".279","22","4","1","7","30",".379",".658","0%"
"Oswald Peraza","NYY","SS","185","24","6","22","8",".226",".285","42","7","0","15","49",".363",".648","0%"
"Drew Millas","WSH","C","53","6","1","5","1",".240",".303","13","2","0","5","12",".355",".659","0%"
"Liam Hicks","MIA","C","102","11","1","9","1",".236",".316","24","5","0","12","20",".318",".634","0%"
"Austin Hedges","CLE","C","168","15","3","15","2",".181",".231","30","5","0","11","52",".271",".502","0%"
"Gabriel Arias","CLE","3B,SS","194","23","5","22","5",".238",".285","46","10","1","13","58",".385",".669","0%"
"Kevin Alcantara","CHC","CF","45","5","1","5","1",".239",".293","11","2","0","3","14",".355",".648","0%"
"David Peralta","","RF","213","24","5","24","2",".244",".301","52","11","1","17","49",".374",".675","0%"
"Aaron Schunk","COL","2B,3B","52","5","1","5","1",".240",".280","13","3","0","3","14",".362",".642","0%"
"Brooks Baldwin","CWS","2B,SS","159","17","4","16","5",".243",".295","39","8","0","12","38",".364",".659","0%"
"Yan Gomes","","C","71","7","2","9","0",".233",".265","16","3","0","3","18",".367",".631","0%"
"Justyn-Henry Malloy","DET","LF,DH","113","14","4","13","1",".223",".324","25","5","0","17","39",".373",".698","0%"
"Whit Merrifield","","2B,LF","187","23","3","18","8",".245",".300","46","8","1","15","35",".345",".646","0%"
"Blake Sabol","BOS","C","49","6","1","6","1",".229",".297","11","2","0","5","15",".346",".643","0%"
"Tyler Locklear","SEA","1B","91","11","3","11","1",".214",".284","19","4","0","9","29",".364",".648","0%"
"Sean Bouchard","COL","LF,RF","165","22","6","21","4",".240",".321","39","9","2","20","52",".426",".747","0%"
"Luke Keaschall","MIN","2B","70","10","2","9","2",".246",".319","17","4","0","7","18",".380",".699","0%"
"Miguel Rojas","LAD","SS","149","17","2","15","3",".254",".300","38","8","0","10","20",".356",".656","0%"
"Dylan Carlson","BAL","LF,CF,RF","69","8","2","8","1",".230",".301","16","4","0","7","18",".367",".669","0%"
"Jhonny Pereda","ATH","C","91","9","1","8","0",".235",".306","21","4","0","9","22",".317",".623","0%"
"Payton Eeles","MIN","","23","3","0","2","1",".243",".309","6","1","0","2","5",".361",".669","0%"
"Jac Caglianone","KC","1B","60","7","1","6","1",".217",".261","13","3","0","4","16",".324",".584","2%"
"Adam Duvall","","LF,RF","179","21","8","25","1",".207",".259","37","8","0","12","60",".394",".653","0%"
"Andy Ibanez","DET","2B","174","20","4","19","2",".236",".288","41","9","1","13","39",".369",".658","0%"
"Jose Herrera","ARI","C","85","9","1","8","0",".217",".290","19","3","0","9","21",".295",".585","0%"
"Luis Urias","ATH","3B","226","28","7","26","2",".219",".297","49","10","1","25","59",".362",".660","0%"
"Jorge Mateo","BAL","2B","125","17","3","13","10",".229",".271","29","6","1","7","33",".377",".649","0%"
"Stone Garrett","WSH","LF,RF","29","4","1","4","0",".221",".284","6","1","0","3","10",".358",".642","0%"
"Garrett Stubbs","PHI","C","55","6","1","5","1",".211",".283","12","2","0","6","16",".289",".573","0%"
"Chadwick Tromp","ATL","C","55","6","1","6","0",".225",".284","12","3","0","5","15",".334",".618","0%"
"Jake Bauers","MIL","1B","67","9","3","9","2",".202",".290","14","3","0","8","26",".373",".663","0%"
"Cole Young","SEA","2B,SS","98","11","2","10","2",".230",".301","23","5","0","10","21",".342",".643","0%"
"Javier Sanoja","MIA","SS,CF","167","18","2","16","5",".261",".305","44","9","1","11","17",".362",".667","0%"
"Jason Delay","PIT","C","40","4","0","4","0",".226",".278","9","2","0","3","9",".300",".577","0%"
"Kyle McCann","ATH","C","38","4","1","4","0",".208",".277","8","1","0","4","15",".348",".625","0%"
"Oscar Colas","CWS","CF,RF","167","18","4","17","3",".227",".284","38","7","1","13","48",".360",".644","0%"
"Jon Singleton","HOU","1B","104","13","4","13","0",".207",".306","22","4","0","15","34",".359",".665","0%"
"Michael A. Taylor","CWS","CF","159","18","5","17","5",".212",".270","34","6","0","12","56",".350",".619","0%"
"Scott Kingery","LAA","SS","57","6","2","5","2",".201",".256","11","2","0","4","20",".336",".592","0%"
"Tomas Nido","DET","C","38","4","1","4","0",".219",".256","8","2","0","2","10",".319",".575","0%"
"Yanquiel Fernandez","COL","RF","25","2","1","3","0",".243",".293","6","1","0","2","6",".361",".654","0%"
"Luke Maile","KC","C","31","3","1","3","0",".213",".280","7","2","0","3","10",".306",".586","0%"
"Grant McCray","SF","CF","113","14","3","12","4",".215",".276","24","5","1","9","42",".356",".632","0%"
"Curt Casali","ATL","C","33","4","1","3","0",".209",".292","7","1","0","4","9",".298",".590","0%"
"Nicky Lopez","CHC","2B,SS","49","6","0","3","1",".237",".299","12","2","0","4","9",".286",".584","0%"
"Omar Narvaez","CWS","C","34","3","1","3","0",".212",".287","7","1","0","4","8",".301",".588","0%"
"Hao-Yu Lee","DET","2B","33","4","1","4","1",".247",".296","8","2","0","2","7",".374",".670","0%"
"Martin Maldonado","SD","C","39","4","1","4","0",".178",".236","7","1","0","3","15",".309",".545","0%"
"Sam Huff","SF","C","37","4","1","4","0",".215",".269","8","2","0","3","14",".346",".615","0%"
"Angel Martinez","CLE","LF,CF","112","13","2","12","2",".240",".300","27","6","0","10","25",".367",".667","0%"
"Jeferson Quero","MIL","C","27","3","1","3","0",".222",".279","6","1","0","2","7",".383",".662","0%"
"Manuel Margot","MIL","LF,CF,RF","80","10","1","9","2",".255",".303","20","4","0","6","15",".371",".674","0%"
"J.C. Escarra","NYY","C,1B","42","5","1","5","0",".215",".284","9","2","0","4","8",".330",".615","0%"
"Seby Zavala","BOS","C","23","2","1","2","0",".189",".256","4","1","0","2","10",".303",".560","0%"
"Rowdy Tellez","SEA","1B","57","6","2","8","0",".224",".291","13","2","0","5","14",".396",".687","0%"
"Logan Driscoll","TB","C","33","4","1","4","0",".224",".276","7","2","0","2","9",".365",".641","0%"
"Austin Wynns","CIN","C","18","2","0","2","0",".218",".267","4","1","0","1","5",".317",".584","0%"
"Jair Camargo","MIN","C","22","2","1","3","0",".208",".254","5","1","0","1","8",".375",".629","0%"
"Pedro Leon","HOU","RF","49","6","2","6","2",".207",".271","10","2","0","4","18",".358",".629","0%"
"Max Stassi","SF","C","32","3","1","3","0",".193",".271","6","1","0","3","10",".313",".584","0%"
"Victor Mesa Jr.","MIA","LF","76","8","2","8","1",".227",".273","17","4","0","5","20",".342",".614","0%"
"Joshua Palacios","PIT","RF","116","14","3","14","3",".247",".305","29","6","0","10","27",".386",".691","0%"
"Nacho Alvarez Jr.","ATL","2B","36","5","1","4","1",".254",".330","9","1","0","4","8",".337",".668","0%"
"Ben Gamel","HOU","LF,RF","150","20","4","16","1",".227",".316","34","7","1","19","45",".358",".674","0%"
"Alexander Canario","NYM","LF,RF","42","5","2","5","1",".209",".275","9","2","0","4","15",".377",".652","0%"
"Jakson Reetz","NYM","C","30","3","1","4","0",".195",".261","6","1","0","3","10",".358",".619","0%"
"Joey Gallo","CWS","1B","151","20","8","21","1",".176",".290","27","5","0","24","68",".378",".668","0%"
"Austin Martin","MIN","LF,CF","125","17","1","11","6",".242",".319","30","7","1","14","26",".338",".657","0%"
"Joey Wiemer","KC","LF","130","16","3","14","4",".214",".286","28","6","1","13","42",".341",".628","0%"
"Rene Pinto","ARI","C","13","2","0","2","0",".201",".241","3","0","0","1","5",".322",".563","0%"
"Cesar Salazar","HOU","C","14","2","0","2","0",".204",".276","3","1","0","1","3",".274",".551","0%"
"Reese McGuire","CHC","C","27","3","0","3","0",".220",".274","6","1","0","2","7",".303",".578","0%"
"Jett Williams","NYM","SS","19","2","0","1","1",".195",".321","4","1","0","3","6",".262",".583","0%"
"Brett Sullivan","SD","C,1B","19","2","0","2","0",".212",".266","4","1","0","1","3",".296",".562","0%"
"Garrett Hampson","ARI","2B,LF,CF","122","14","1","10","4",".234",".288","28","6","1","9","34",".327",".616","0%"
"Keston Hiura","COL","2B","21","3","1","3","0",".241",".296","5","1","0","2","7",".477",".773","0%"
"Ildemaro Vargas","ARI","2B,3B","124","13","1","11","2",".240",".285","30","6","1","8","15",".310",".595","0%"
"Chuckie Robinson","LAA","C","14","1","0","2","0",".199",".238","3","0","0","1","4",".295",".533","0%"
"Eric Wagaman","MIA","3B","118","13","3","13","2",".242",".293","29","6","1","9","27",".392",".686","0%"
"Hunter Feduccia","LAD","C","16","2","0","2","0",".218",".302","4","1","0","2","5",".283",".585","0%"
"Joe Mack","MIA","C","19","2","0","2","0",".217",".283","4","1","0","2","6",".346",".630","0%"
"Tucker Barnhart","TEX","C","16","2","0","1","0",".191",".269","3","0","0","2","5",".237",".507","0%"
"Gustavo Campero","LAA","RF","21","3","0","2","1",".235",".294","5","1","0","2","5",".355",".649","0%"
"Blake Hunt","SEA","C","14","2","0","2","0",".189",".232","3","0","0","1","4",".299",".531","0%"
"Daniel Schneemann","CLE","SS,CF","133","15","3","14","3",".217",".301","29","7","0","16","41",".343",".644","0%"
"Brian Serven","DET","C","23","2","0","2","0",".188",".245","4","1","0","2","7",".285",".530","0%"
"Nathan Lukes","TOR","LF,RF","74","9","1","8","1",".260",".316","19","4","0","6","14",".367",".683","0%"
"Jimmy Crooks III","STL","C","12","1","0","1","0",".248",".312","3","1","0","1","3",".359",".672","0%"
"Luca Tresh","KC","C","11","1","0","1","0",".223",".279","2","0","0","1","3",".342",".622","0%"
"Harry Ford","SEA","","19","3","0","2","1",".219",".327","4","1","0","3","5",".336",".663","0%"
"David Banuelos","BAL","C","10","1","0","1","0",".182",".259","2","0","0","1","4",".278",".537","0%"
"Austin Shenton","SEA","1B","43","5","1","5","0",".213",".297","9","2","0","5","16",".364",".662","0%"
"Brett Wisely","SF","2B,SS","139","17","3","15","3",".232",".294","32","7","1","12","36",".357",".651","0%"
"Dom Nunez","CLE","C","12","1","0","1","0",".179",".263","2","0","0","1","4",".190",".453","0%"
"Blaze Alexander","ARI","2B,SS","136","16","3","15","2",".229",".288","31","6","1","11","46",".345",".633","0%"
"Andruw Monasterio","MIL","2B,3B","96","11","1","10","3",".230",".307","22","4","0","11","26",".320",".627","0%"
"Casey Schmitt","SF","2B,SS","72","8","2","9","1",".235",".280","17","3","0","4","18",".365",".645","0%"
"Nick Gordon","BAL","LF","118","13","3","12","3",".226",".260","27","5","1","5","30",".345",".605","0%"
"Gage Workman","CHC","3B,SS","72","9","2","8","3",".216",".278","16","3","1","6","27",".355",".633","0%"
"Jake Mangum","TB","LF,CF","125","14","1","12","4",".250",".283","31","7","1","6","28",".350",".633","0%"
"Dominic Canzone","SEA","LF,RF","91","11","3","11","1",".228",".289","21","4","0","8","22",".389",".678","0%"
"Drew Waters","KC","CF","107","15","3","12","4",".233",".303","25","6","1","11","35",".382",".685","0%"
"Cooper Bowman","CIN","2B,CF","28","4","1","3","1",".214",".286","6","1","0","3","8",".323",".609","0%"
"Andres Chaparro","WSH","1B,DH","52","6","2","7","0",".234",".293","12","2","0","4","13",".391",".683","0%"
"Anthony Rendon","LAA","3B","64","8","1","6","1",".234",".317","15","3","0","8","12",".334",".651","0%"
"Darell Hernaiz","ATH","3B,SS","117","13","2","11","3",".246",".295","29","5","0","8","22",".351",".646","0%"
"Luken Baker","STL","DH","99","12","5","14","0",".216",".295","21","4","0","11","30",".405",".700","0%"
"Zach DeLoach","CWS","LF,RF","44","5","1","4","1",".211",".286","9","2","0","5","15",".303",".589","0%"
"Denzel Clarke","ATH","CF","46","5","1","4","3",".202",".270","9","2","1","4","17",".338",".608","0%"
"James Triantos","CHC","2B","37","4","1","3","2",".245",".292","9","1","1","2","5",".359",".651","0%"
"Liover Peguero","PIT","2B,SS","43","5","1","4","2",".228",".278","10","2","0","3","12",".352",".630","0%"
"Enmanuel Valdez","PIT","2B","57","7","2","7","1",".223",".290","13","3","0","5","15",".368",".658","0%"
"Ryan Noda","LAA","1B","36","5","1","4","0",".189",".307","7","1","0","6","15",".327",".633","0%"
"Robbie Grossman","","LF,RF,DH","138","17","3","15","2",".220",".318","30","7","0","20","39",".340",".658","0%"
"Matthew Lugo","LAA","LF","20","2","1","2","1",".224",".276","4","1","0","1","6",".444",".720","0%"
"Kevin Pillar","TEX","CF","89","11","3","11","3",".227",".268","20","4","0","5","22",".379",".647","0%"
"Drew Gilbert","NYM","CF","20","2","1","2","0",".190",".274","4","1","0","2","5",".349",".622","0%"
"Nick Senzel","","3B","98","13","3","10","2",".230",".298","22","4","0","10","24",".357",".655","0%"
"DJ Stewart","PIT","RF,DH","88","11","3","11","1",".212",".305","19","3","0","12","28",".365",".670","0%"
"Dustin Harris","TEX","LF,CF","19","2","0","2","1",".222",".294","4","1","0","2","6",".325",".619","0%"
"Nick Allen","ATL","SS","107","13","1","10","3",".246",".303","26","5","0","9","19",".327",".630","0%"
"Brandon Lockridge","SD","LF","48","6","1","4","3",".228",".294","11","2","0","4","15",".315",".609","0%"
"Tyler Wade","SD","3B","105","14","1","8","7",".217",".280","23","4","0","9","28",".285",".565","0%"
"Corey Julks","CWS","LF,RF","70","8","2","7","2",".229",".290","16","3","0","6","18",".350",".640","0%"
"Emmanuel Rivera","BAL","1B,3B","55","6","2","6","0",".235",".292","13","2","0","4","13",".372",".664","0%"
"Jared Young","NYM","3B,LF","16","2","0","2","0",".223",".304","4","1","0","2","5",".370",".674","0%"
"Ji Hwan Bae","PIT","CF,RF","57","8","1","5","3",".252",".322","14","3","0","6","15",".357",".679","0%"
"Weston Wilson","PHI","LF","83","11","3","10","3",".214",".286","18","3","0","8","28",".369",".655","0%"
"Jakob Marsee","MIA","CF","31","4","0","3","2",".211",".299","7","1","0","4","9",".309",".608","0%"
"Nick Loftin","KC","2B,3B","109","13","2","12","2",".241",".307","26","5","0","10","20",".344",".651","0%"
"Nasim Nunez","WSH","SS","29","4","0","2","2",".219",".308","6","1","0","4","7",".264",".572","0%"
"Enrique Bradfield Jr.","BAL","LF,CF","27","4","0","2","4",".245",".333","7","1","0","4","6",".304",".638","0%"
"Max Acosta","MIA","2B,SS","94","10","1","9","4",".245",".288","23","5","0","6","19",".348",".635","0%"
"Graham Pauley","MIA","3B","92","11","3","10","1",".216",".282","20","4","0","9","25",".345",".627","0%"
"Cavan Biggio","KC","2B","63","9","1","7","1",".210",".312","13","3","0","9","20",".318",".630","0%"
"Trey Lipscomb","WSH","3B","48","5","1","4","2",".235",".277","11","2","0","3","11",".310",".587","0%"
"Everson Pereira","NYY","CF,RF","95","12","4","12","2",".228",".283","22","4","1","7","34",".406",".689","0%"
"Wade Meckler","SF","CF","50","7","1","5","1",".262",".338","13","3","0","6","10",".366",".704","0%"
"Matt Carpenter","","DH","91","11","3","12","0",".199",".291","18","4","0","12","33",".357",".649","0%"
"Leo Jimenez","TOR","2B,SS","64","8","1","7","1",".237",".300","15","3","0","6","16",".360",".660","0%"
"Taylor Trammell","HOU","LF,CF,RF","91","12","3","11","3",".207",".293","19","4","0","11","32",".368",".660","0%"
"Brock Wilken","MIL","3B","46","5","2","5","0",".194",".274","9","2","0","5","17",".335",".608","0%"
"Daz Cameron","BAL","LF,RF","68","9","2","7","2",".221",".283","15","3","0","6","20",".360",".644","0%"
"Tim Tawa","ARI","1B,2B","33","4","1","4","0",".223",".275","7","2","0","2","9",".374",".649","0%"
"Nick Pratto","KC","1B","75","9","2","9","1",".211",".285","16","4","0","8","29",".351",".636","0%"
"Justin Foscue","TEX","IF,DH","14","2","0","2","0",".201",".286","3","1","0","2","3",".299",".585",""
"DaShawn Keirsey","MIN","CF","68","8","1","7","3",".235",".289","16","3","1","5","20",".355",".644","0%"
"Myles Straw","TOR","CF","61","7","0","5","3",".226",".290","14","3","0","6","13",".285",".575","0%"
"Vinny Capra","MIL","2B,3B,SS","97","11","1","9","1",".231",".298","22","5","0","9","24",".327",".625","0%"
"Greg Jones","COL","CF","56","7","1","5","4",".220",".271","12","2","0","4","23",".338",".609","0%"
"Dominic Smith","NYY","1B","35","4","1","4","0",".224",".291","8","2","0","3","9",".377",".668","0%"
"Aledmys Diaz","","1B,SS","79","8","2","8","0",".227",".269","18","4","0","5","17",".345",".614","0%"
"Travis Jankowski","CHC","LF,RF,DH","50","6","0","4","3",".225",".297","11","2","0","5","11",".280",".577","0%"
"Dominic Fletcher","CWS","CF,RF","126","13","2","11","1",".226",".281","29","5","1","10","32",".325",".606","0%"
"Kody Clemens","PHI","1B,3B","48","6","2","6","0",".218",".269","10","2","0","3","13",".394",".663","0%"
"Abraham Toro","BOS","3B","54","7","1","6","1",".242",".296","13","3","0","4","11",".381",".677","0%"
"Cal Stevenson","PHI","CF","46","6","1","5","2",".227",".327","10","2","0","7","12",".345",".672","0%"
"Eli White","ATL","LF,RF","45","6","1","5","2",".226",".290","10","2","0","4","14",".334",".624","0%"
"Luis Guillorme","HOU","2B","52","6","0","4","1",".229",".310","12","2","0","6","11",".288",".598","0%"
"Jared Serna","MIA","SS","62","7","1","7","2",".234",".289","15","3","0","5","13",".357",".646","0%"
"Robert Hassell III","WSH","CF,RF","81","9","1","7","2",".219",".282","18","3","0","7","24",".313",".595","0%"
"Luke Williams","ATL","2B","38","5","1","4","2",".215",".274","8","2","0","3","12",".316",".591","0%"
"Danny Mendick","","2B,3B","63","6","1","6","1",".219",".263","14","3","0","4","16",".327",".591","0%"
"Jorge Barrosa","ARI","CF","37","5","1","4","1",".224",".302","8","2","0","4","8",".331",".632","0%"
"Matt Duffy","","2B,3B","73","7","1","6","0",".229",".284","17","3","0","6","18",".307",".591","0%"
"Bobby Dalbec","CWS","1B,3B","58","7","2","7","1",".196",".268","11","2","0","6","25",".342",".610","0%"
"Miguel Sano","","3B","56","7","2","7","0",".207",".283","12","2","0","6","22",".374",".657","0%"
"Jose Fermin","STL","3B","29","4","0","3","1",".232",".307","7","1","0","3","4",".326",".634","0%"
"Garrett Cooper","ATL","1B","26","3","1","3","0",".238",".302","6","1","0","2","8",".359",".661","0%"
"Brett Harris","ATH","3B","40","5","1","4","0",".218",".291","9","2","0","4","10",".319",".610","0%"
"Michael Helman","STL","SS,CF","52","6","1","6","2",".217",".271","11","2","0","4","14",".335",".606","0%"
"Kameron Misner","TB","CF,RF","44","5","1","5","1",".199",".280","9","2","0","5","18",".336",".616","0%"
"Yuli Gurriel","SD","1B","37","4","1","4","1",".227",".283","8","2","0","3","7",".342",".625","0%"
"Grae Kessinger","ARI","2B,3B","43","5","1","4","1",".213",".281","9","2","0","4","12",".309",".590","0%"
"Alika Williams","PIT","2B,SS","46","5","1","4","1",".231",".284","11","2","0","3","11",".324",".608","0%"
"Nick Ahmed","TEX","SS","36","4","1","3","0",".212",".253","8","1","0","2","10",".295",".548","0%"
"Miles Mastrobuoni","SEA","3B","35","4","0","3","1",".218",".289","8","2","0","3","8",".293",".582","0%"
"Nick Maton","CWS","3B,SS","27","3","1","3","0",".216",".306","6","1","0","3","8",".349",".655","0%"
"Joey Wendle","","2B,3B","51","5","0","4","1",".230",".261","12","3","0","2","11",".319",".580","0%"
"Elehuris Montero","","1B","23","3","1","3","0",".241",".294","6","1","0","2","7",".410",".705","0%"
"Tyler Gentry","KC","RF","35","4","1","4","0",".220",".291","8","2","0","3","12",".362",".653","0%"
"David Hensley","DET","RF","52","6","1","5","1",".205",".279","11","2","0","5","17",".301",".580","0%"
"Bryce Johnson","PIT","CF","34","4","0","2","2",".216",".289","7","1","0","3","9",".281",".570","0%"
"Nick Sogard","BOS","2B,SS","22","3","0","2","1",".236",".317","5","1","0","3","6",".290",".607","0%"
"Blake Dunn","CIN","LF","24","3","0","2","1",".224",".295","5","1","0","2","8",".319",".614","0%"
"Akil Baddoo","DET","LF","47","6","1","4","2",".207",".297","10","2","1","6","15",".349",".646","0%"
"Mickey Gasper","MIN","2B","28","4","1","3","0",".247",".338","7","2","0","4","6",".371",".709","0%"
"Jacob Hurtubise","CIN","LF","21","3","0","2","1",".231",".313","5","1","0","3","5",".289",".603","0%"
"Edward Olivares","","RF","17","2","0","2","0",".252",".301","4","1","0","1","3",".387",".688","0%"
"Mike Brosseau","SD","1B","34","4","1","4","0",".207",".267","7","1","0","3","10",".334",".601","0%"
"Michael Stefanic","TOR","2B","43","4","0","3","0",".246",".311","11","2","0","4","6",".294",".604","0%"
"Oscar Gonzalez","SD","RF","29","3","1","3","0",".239",".271","7","2","0","1","7",".369",".640","0%"
"Niko Kavadas","LAA","DH","31","4","1","4","0",".190",".293","6","1","0","4","14",".358",".651","0%"
"Bligh Madris","DET","1B","33","4","1","4","1",".207",".286","7","1","0","4","10",".342",".628","0%"
"David Villar","SF","1B","34","4","1","4","0",".209",".279","7","2","0","3","11",".342",".621","0%"
"Jahmai Jones","DET","RF","25","3","0","2","1",".216",".307","5","1","0","3","7",".309",".616","0%"
"Kyren Paris","LAA","2B","32","4","0","3","2",".198",".280","6","1","0","4","12",".282",".562","0%"
"Brewer Hicklen","MIL","RF","24","3","1","3","1",".195",".274","5","1","0","3","9",".349",".623","0%"
"Darren Baker","WSH","2B,LF","27","3","0","2","1",".240",".292","7","1","0","2","6",".284",".577","0%"
"Darick Hall","PIT","1B","22","2","1","2","0",".220",".279","5","1","0","2","6",".349",".628","0%"
"Christian Cairo","ATL","2B,3B,SS","39","4","0","3","2",".215",".323","8","1","0","6","12",".258",".581","0%"
"Tim Elko","CWS","1B","28","3","1","3","0",".225",".264","6","1","0","1","10",".358",".622","0%"
"Matt Koperniak","STL","LF,CF,RF","28","3","1","3","0",".241",".292","7","1","0","2","6",".356",".648","0%"
"Isaac Collins","MIL","LF","22","3","0","2","1",".214",".304","5","1","0","3","6",".306",".611","0%"
"Cooper Hummel","HOU","1B,LF","18","2","0","2","1",".202",".306","4","1","0","3","6",".250",".556","0%"
"Zach Remillard","","2B","28","3","0","2","1",".208",".260","6","1","0","2","8",".286",".546","0%"
"David Bote","LAD","3B","24","3","1","3","0",".223",".285","5","1","0","2","7",".359",".644","0%"
"Ryan Kreidler","DET","SS","18","2","0","2","1",".180",".267","3","0","0","2","6",".265",".532","0%"
"CJ Alexander","ATH","1B","15","2","0","2","0",".210",".248","3","1","0","1","4",".320",".568","0%"
"Osleivis Basabe","SF","SS","18","2","0","2","0",".258",".296","5","1","0","1","3",".337",".633","0%"
"Nick Madrigal","NYM","2B,3B","28","3","0","2","1",".259",".297","7","1","0","1","4",".321",".617","0%"
"Jonathan Ornelas","TEX","3B,SS","22","2","0","2","0",".224",".280","5","1","0","2","6",".274",".555","0%"
"Steward Berroa","TOR","RF","14","2","0","1","1",".207",".297","3","0","0","2","4",".296",".593","0%"
"Jonathon Long","CHC","","19","3","1","2","0",".233",".303","4","1","0","2","6",".382",".684","0%"
"Tyler Callihan","CIN","2B","18","2","0","2","1",".221",".278","4","1","0","1","6",".343",".620","0%"
"Drew Avans","ATH","","15","2","0","1","1",".225",".291","3","1","0","1","5",".285",".575","0%"
"Mason McCoy","SD","SS","23","2","0","2","1",".180",".244","4","1","0","2","8",".273",".517","0%"
"Petey Halpin","CLE","CF","15","2","0","2","0",".215",".280","3","1","0","1","4",".321",".601","0%"
"Jorbit Vivas","NYY","2B,3B","24","3","0","2","1",".223",".304","5","1","0","3","5",".334",".639","0%"
"Jacob Amaya","CWS","SS","28","3","0","2","0",".204",".275","6","1","0","3","8",".301",".575","0%"
"Livan Soto","BAL","2B,3B","19","2","0","2","0",".240",".318","5","1","0","2","5",".315",".633","0%"
"Luis De Los Santos","NYM","3B","24","3","1","2","0",".200",".261","5","1","0","2","7",".319",".580","0%"
"Cade Marlowe","SEA","CF,RF","24","3","0","2","2",".194",".274","5","1","0","3","8",".287",".561","0%"
"Logan Davidson","ATH","3B,LF","21","2","0","2","0",".213",".274","4","1","0","2","7",".297",".571","0%"
"Coco Montes","TB","2B","13","1","0","1","0",".225",".282","3","1","0","1","4",".361",".643","0%"
"Braden Shewmake","NYY","3B,SS","15","2","0","2","0",".181",".221","3","1","0","1","3",".271",".492","0%"
"Luke Ritter","NYM","1B,2B,3B,LF","13","2","0","2","0",".182",".251","2","0","0","1","5",".243",".495","0%"
"Luis Vazquez","BAL","3B,SS","23","2","0","2","0",".214",".275","5","1","0","2","6",".311",".585","0%"
"Sammy Siani","PIT","LF,CF,RF","13","1","0","1","0",".225",".286","3","1","0","1","4",".330",".616","0%"
"Ryan Vilade","STL","LF,RF","25","2","0","3","0",".233",".303","6","1","0","2","7",".328",".630","0%"
"Tristan Gray","CWS","1B,3B","23","2","1","3","0",".195",".256","4","1","0","2","8",".348",".604","0%"
"Jesus Bastidas","HOU","","10","1","0","1","0",".215",".268","2","0","0","1","3",".340",".608","0%"
"Quincy Hamilton","HOU","LF,CF,RF","11","1","0","1","0",".205",".275","2","0","0","1","3",".331",".606","0%"
"Andre Lipcius","CWS","1B","11","1","0","1","0",".221",".285","2","1","0","1","3",".351",".636","0%"
"Armando Alvarez","MIN","1B,3B","8","1","0","1","0",".225",".273","2","0","0","1","2",".345",".618","0%"
"Joey Meneses","NYM","1B,DH","14","1","0","2","0",".222",".272","3","1","0","1","3",".357",".629","0%"
"Aaron Hicks","","RF","6","1","0","1","0",".221",".310","1","0","0","1","2",".351",".661","0%"
"Gilberto Celestino","NYM","LF,CF","8","1","0","1","0",".226",".283","2","0","0","1","2",".306",".590","0%"
"Willie Calhoun","","DH","6","1","0","1","0",".230",".295","1","0","0","1","1",".350",".644","0%"
"Tony Kemp","","2B","8","1","0","1","0",".217",".285","2","0","0","1","1",".283",".569","0%"
"Kenedy Corona","HOU","CF,RF","9","1","0","1","0",".212",".268","2","0","0","1","3",".344",".612","0%"
"Billy Hamilton","","CF","16","1","0","1","0",".183",".239","3","1","0","1","6",".267",".505","0%"
"Jack Lopez","SEA","2B,SS","22","2","0","2","1",".181",".222","4","1","0","1","7",".270",".492","0%"
"Phil Clarke","TOR","C","21","2","0","2","0",".227",".321","5","1","0","3","4",".285",".607","0%"
"Daniel Vogelbach","","DH","8","1","0","1","0",".220",".320","2","0","0","1","2",".360",".680","0%"
"Spencer Jones","NYY","CF","67","8","2","8","3",".211",".282","14","3","1","7","25",".372",".654","1%"
"Rece Hinds","CIN","RF","46","5","2","6","1",".207",".260","9","2","0","3","18",".384",".643","0%"
"Max Muncy","ATH","2B,SS","56","6","1","6","1",".219",".274","12","3","0","4","19",".339",".613","0%"
"Trayce Thompson","BOS","CF,RF","41","5","2","5","1",".203",".280","8","2","0","4","16",".395",".675","0%"
"Estevan Florial","","LF,RF","43","5","1","5","3",".196",".290","8","2","0","6","16",".355",".645","0%"
"Leo Rivas","SEA","2B,SS","53","7","0","4","3",".213",".312","11","2","0","8","16",".272",".584","0%"
"Trey Mancini","ARI","1B","32","4","1","4","0",".235",".296","8","1","0","3","9",".394",".689","0%"
"Pablo Reyes","NYY","2B,3B","27","3","1","3","1",".239",".304","6","1","0","3","6",".356",".660","0%"
"Jose Barrero","STL","SS,CF","26","3","1","3","1",".197",".245","5","1","0","2","10",".379",".624","0%"
"Zack Short","HOU","3B,SS","34","4","1","3","1",".174",".290","6","1","0","6","12",".268",".557","0%"
"Brice Matthews","HOU","3B,SS","19","2","1","2","1",".205",".269","4","1","0","2","7",".340",".609","0%"
"Buddy Kennedy","PHI","2B,3B","25","3","0","3","0",".223",".305","6","1","0","3","6",".325",".630","0%"
"Carlos Perez","CHC","C","25","2","1","3","0",".203",".254","5","1","0","2","6",".337",".592","0%"
"Yonathan Perlaza","SD","LF,RF","19","2","1","2","0",".225",".295","4","1","0","2","6",".382",".676","0%"
"Owen Miller","COL","1B","18","2","0","2","0",".255",".301","5","1","0","1","4",".311",".613","0%"
"Harold Ramirez","","DH","22","2","0","2","0",".260",".292","6","1","0","1","4",".354",".646","0%"
"Nick Raposo","SEA","C","21","2","1","2","0",".193",".266","4","1","0","2","5",".324",".590","0%"
"Sam Haggerty","TEX","LF","14","2","0","1","1",".198",".288","3","0","0","2","4",".282",".570","0%"
"Diego Castillo","","3B,SS","12","1","0","1","0",".228",".289","3","1","0","1","3",".339",".629","0%"
"Chris Williams","NYM","","6","1","0","1","0",".171",".282","1","0","0","1","2",".206",".488","0%"
""
""